item_id,timestamp,target_value
Africa Eastern and Southern,1998-01-01,174805000000.0
Africa Eastern and Southern,1999-01-01,265981000000.0
Africa Eastern and Southern,2000-01-01,208384000000.0
Africa Eastern and Southern,2001-01-01,150471000000.0
Africa Eastern and Southern,2004-01-01,450494000000.0
Africa Western and Central,2002-01-01,4038650000.0
Africa Western and Central,2005-01-01,25186410000.0
Africa Western and Central,2006-01-01,37745770000.0
Africa Western and Central,2007-01-01,95601030000.0
Africa Western and Central,2008-01-01,57994450000.0
Africa Western and Central,2009-01-01,40774750000.0
Africa Western and Central,2010-01-01,60652210000.0
Africa Western and Central,2011-01-01,48414500000.0
Africa Western and Central,2013-01-01,92428750000.0
Africa Western and Central,2014-01-01,74476710000.0
Africa Western and Central,2015-01-01,62466910000.0
Arab World,2010-01-01,743474000000.0
Arab World,2011-01-01,633862000000.0
Arab World,2012-01-01,655728000000.0
Arab World,2013-01-01,1000950000000.0
Arab World,2014-01-01,1102290000000.0
Arab World,2015-01-01,1066230000000.0
Arab World,2016-01-01,999401000000.0
Arab World,2017-01-01,1019320000000.0
Arab World,2018-01-01,1079360000000.0
Arab World,2019-01-01,3126480000000.0
United Arab Emirates,2007-01-01,126205000000.0
United Arab Emirates,2008-01-01,107354000000.0
United Arab Emirates,2009-01-01,138244000000.0
United Arab Emirates,2010-01-01,131491000000.0
United Arab Emirates,2011-01-01,93726650000.0
United Arab Emirates,2012-01-01,101328000000.0
United Arab Emirates,2013-01-01,180325000000.0
United Arab Emirates,2014-01-01,201599000000.0
United Arab Emirates,2015-01-01,195874000000.0
United Arab Emirates,2016-01-01,213213000000.0
United Arab Emirates,2017-01-01,232104000000.0
United Arab Emirates,2018-01-01,231377000000.0
United Arab Emirates,2019-01-01,246819000000.0
Argentina,1998-01-01,45332800000.0
Argentina,1999-01-01,55847580000.0
Argentina,2000-01-01,45839340000.0
Argentina,2001-01-01,33384000000.0
Argentina,2002-01-01,16571000000.0
Argentina,2003-01-01,34994620000.0
Argentina,2004-01-01,40593870000.0
Argentina,2005-01-01,47590300000.0
Argentina,2006-01-01,51240130000.0
Argentina,2007-01-01,57070160000.0
Argentina,2008-01-01,39850360000.0
Argentina,2009-01-01,45744930000.0
Argentina,2010-01-01,63909790000.0
Argentina,2011-01-01,43579790000.0
Argentina,2012-01-01,34254750000.0
Argentina,2013-01-01,53104790000.0
Argentina,2014-01-01,60142040000.0
Argentina,2015-01-01,56134630000.0
Argentina,2016-01-01,63601116144.0
Argentina,2017-01-01,108740000000.0
Argentina,2018-01-01,45986050000.0
Argentina,2019-01-01,39393540000.0
Australia,1998-01-01,328928000000.0
Australia,1999-01-01,427835000000.0
Australia,2000-01-01,372794000000.0
Australia,2001-01-01,375131000000.0
Australia,2002-01-01,380087000000.0
Australia,2003-01-01,585530000000.0
Australia,2004-01-01,776403000000.0
Australia,2005-01-01,804015000000.0
Australia,2006-01-01,1095860000000.0
Australia,2007-01-01,1298320000000.0
Australia,2008-01-01,683872000000.0
Australia,2009-01-01,1261910000000.0
Australia,2010-01-01,1454490000000.0
Australia,2011-01-01,1198190000000.0
Australia,2012-01-01,1386870000000.0
Australia,2013-01-01,1365960000000.0
Australia,2014-01-01,1288710000000.0
Australia,2015-01-01,1187080000000.0
Australia,2016-01-01,1268490000000.0
Australia,2017-01-01,1508460000000.0
Australia,2018-01-01,1262800000000.0
Australia,2019-01-01,1487600000000.0
Austria,1998-01-01,2600180000.0
Austria,1999-01-01,33022950000.0
Austria,2000-01-01,29935220000.0
Austria,2001-01-01,25204350000.0
Austria,2002-01-01,33578130000.0
Austria,2003-01-01,56522450000.0
Austria,2004-01-01,87776270000.0
Austria,2005-01-01,126251000000.0
Austria,2006-01-01,192770000000.0
Austria,2007-01-01,236448000000.0
Austria,2008-01-01,76288700000.0
Austria,2009-01-01,114076000000.0
Austria,2010-01-01,126032000000.0
Austria,2011-01-01,85269520000.0
Austria,2012-01-01,106037000000.0
Austria,2013-01-01,117671000000.0
Austria,2014-01-01,96790330000.0
Austria,2015-01-01,96079380000.0
Austria,2016-01-01,120977000000.0
Austria,2017-01-01,150646000000.0
Austria,2018-01-01,116802000000.0
Austria,2019-01-01,133098000000.0
Azerbaijan,1998-01-01,3040000.0
Azerbaijan,1999-01-01,3220000.0
Belgium,1998-01-01,244038000000.0
Belgium,1999-01-01,184136000000.0
Belgium,2000-01-01,182481000000.0
Belgium,2001-01-01,165843000000.0
Belgium,2002-01-01,127557000000.0
Belgium,2003-01-01,173553000000.0
Belgium,2004-01-01,273247000000.0
Belgium,2005-01-01,288481000000.0
Belgium,2006-01-01,396168000000.0
Belgium,2007-01-01,385553000000.0
Belgium,2008-01-01,167218000000.0
Belgium,2009-01-01,259769000000.0
Belgium,2010-01-01,268726000000.0
Belgium,2011-01-01,229321000000.0
Belgium,2012-01-01,299517000000.0
Belgium,2013-01-01,374326000000.0
Belgium,2014-01-01,378526000000.0
Belgium,2015-01-01,414556000000.0
Belgium,2016-01-01,378144000000.0
Belgium,2017-01-01,437794000000.0
Belgium,2018-01-01,321094000000.0
Bangladesh,1998-01-01,2029540000.0
Bangladesh,1999-01-01,1561590000.0
Bangladesh,2000-01-01,2192180000.0
Bangladesh,2001-01-01,978300000.0
Bangladesh,2002-01-01,14892060000.0
Bangladesh,2005-01-01,3299610000.0
Bangladesh,2006-01-01,3850310000.0
Bangladesh,2007-01-01,8732760000.0
Bangladesh,2008-01-01,11721070000.0
Bangladesh,2009-01-01,20928930000.0
Bangladesh,2010-01-01,41616870000.0
Bangladesh,2011-01-01,47699530000.0
Bangladesh,2013-01-01,51158550000.0
Bangladesh,2014-01-01,68457910000.0
Bangladesh,2015-01-01,65484860000.0
Bangladesh,2016-01-01,70419424536.0
Bangladesh,2017-01-01,86178750000.0
Bangladesh,2018-01-01,77390500000.0
Bangladesh,2019-01-01,64416510000.0
Bulgaria,1998-01-01,144320000.0
Bulgaria,1999-01-01,102490000.0
Bulgaria,2000-01-01,129090000.0
Bulgaria,2001-01-01,82200000.0
Bulgaria,2002-01-01,721640000.0
Bulgaria,2003-01-01,1755120000.0
Bulgaria,2004-01-01,2803950000.0
Bulgaria,2005-01-01,5085620000.0
Bulgaria,2006-01-01,10324970000.0
Bulgaria,2007-01-01,21667660000.0
Bulgaria,2008-01-01,8880420000.0
Bulgaria,2009-01-01,8653170000.0
Bulgaria,2010-01-01,7376360000.0
Bulgaria,2011-01-01,8253250000.0
Bulgaria,2019-01-01,16000060000.0
Bahrain,1998-01-01,6769230000.0
Bahrain,1999-01-01,7158840000.0
Bahrain,2000-01-01,6624350000.0
Bahrain,2001-01-01,6599500000.0
Bahrain,2002-01-01,7484060265.0
Bahrain,2003-01-01,9626790000.0
Bahrain,2004-01-01,13540850000.0
Bahrain,2005-01-01,17364820000.0
Bahrain,2006-01-01,21122390000.0
Bahrain,2007-01-01,27088350000.0
Bahrain,2008-01-01,19947350000.0
Bahrain,2009-01-01,16262630000.0
Bahrain,2010-01-01,20059730000.0
Bahrain,2011-01-01,16589950000.0
Bahrain,2014-01-01,22067530000.0
Bahrain,2015-01-01,19251070000.0
Bahrain,2016-01-01,19394198865.0
Bahrain,2017-01-01,21706180000.0
Bahrain,2018-01-01,21862700000.0
Bahrain,2019-01-01,26882280000.0
Belarus,2014-01-01,574810000.0
Belarus,2015-01-01,534010000.0
Belarus,2016-01-01,1238750000.0
Bermuda,2000-01-01,2146000000.0
Bermuda,2001-01-01,2558000000.0
Bermuda,2002-01-01,2153000000.0
Bermuda,2003-01-01,2900700000.0
Bermuda,2004-01-01,1849440000.0
Bermuda,2005-01-01,2124780000.0
Bermuda,2006-01-01,2703530000.0
Bermuda,2007-01-01,2731110000.0
Bermuda,2008-01-01,1912330000.0
Bermuda,2009-01-01,1360190000.0
Bermuda,2010-01-01,1534950000.0
Bermuda,2011-01-01,1232340000.0
Bermuda,2012-01-01,1486900000.0
Bermuda,2013-01-01,1467000000.0
Bermuda,2014-01-01,1601480000.0
Bermuda,2015-01-01,1850000000.0
Bermuda,2016-01-01,2521628651.0
Bermuda,2017-01-01,2718790000.0
Bermuda,2018-01-01,2393200000.0
Bermuda,2019-01-01,2965300000.0
Brazil,2000-01-01,226152000000.0
Brazil,2001-01-01,186238000000.0
Brazil,2002-01-01,126762000000.0
Brazil,2003-01-01,234560000000.0
Brazil,2004-01-01,330347000000.0
Brazil,2005-01-01,474647000000.0
Brazil,2006-01-01,710247000000.0
Brazil,2007-01-01,1369710000000.0
Brazil,2008-01-01,591966000000.0
Brazil,2009-01-01,1337250000000.0
Brazil,2010-01-01,1545570000000.0
Brazil,2011-01-01,1228940000000.0
Brazil,2012-01-01,1227450000000.0
Brazil,2013-01-01,1020460000000.0
Brazil,2014-01-01,843894000000.0
Brazil,2015-01-01,490534000000.0
Brazil,2016-01-01,758559000000.0
Brazil,2017-01-01,954715000000.0
Brazil,2018-01-01,916824000000.0
Brazil,2019-01-01,1187360000000.0
Barbados,1998-01-01,1753490000.0
Barbados,1999-01-01,2036020000.0
Barbados,2000-01-01,1706530000.0
Barbados,2001-01-01,1837300000.0
Barbados,2010-01-01,2186550000.0
Barbados,2011-01-01,4567520000.0
Barbados,2013-01-01,3985460000.0
Barbados,2014-01-01,2683590000.0
Barbados,2015-01-01,2949090000.0
Barbados,2016-01-01,3096520000.0
Barbados,2017-01-01,3350920000.0
Barbados,2018-01-01,3541580000.0
Barbados,2019-01-01,3398000000.0
Botswana,1998-01-01,723960000.0
Botswana,1999-01-01,1051980000.0
Botswana,2000-01-01,977610000.0
Canada,1998-01-01,1081930000000.0
Canada,1999-01-01,1448280000000.0
Canada,2000-01-01,770842000000.0
Canada,2001-01-01,615266000000.0
Canada,2002-01-01,888678000000.0
Canada,2003-01-01,910231000000.0
Canada,2004-01-01,1177520000000.0
Canada,2005-01-01,1482180000000.0
Canada,2006-01-01,1700710000000.0
Canada,2007-01-01,2186550000000.0
Canada,2008-01-01,1033650000000.0
Canada,2009-01-01,1677430000000.0
Canada,2010-01-01,2171190000000.0
Canada,2011-01-01,1912870000000.0
Canada,2012-01-01,2059970000000.0
Canada,2013-01-01,2113820000000.0
Canada,2014-01-01,2095420000000.0
Canada,2015-01-01,1593400000000.0
Canada,2016-01-01,1993520000000.0
Canada,2017-01-01,2367060000000.0
Canada,2018-01-01,1937900000000.0
Canada,2019-01-01,2409100000000.0
Central Europe and the Baltics,1998-01-01,37956660000.0
Central Europe and the Baltics,1999-01-01,46398740000.0
Central Europe and the Baltics,2000-01-01,47798880000.0
Central Europe and the Baltics,2001-01-01,42484340000.0
Central Europe and the Baltics,2002-01-01,69450720000.0
Central Europe and the Baltics,2003-01-01,88903730000.0
Central Europe and the Baltics,2004-01-01,162833000000.0
Central Europe and the Baltics,2005-01-01,205709000000.0
Central Europe and the Baltics,2006-01-01,320734000000.0
Central Europe and the Baltics,2007-01-01,485032000000.0
Central Europe and the Baltics,2008-01-01,218530000000.0
Central Europe and the Baltics,2009-01-01,246576000000.0
Central Europe and the Baltics,2010-01-01,279183000000.0
Central Europe and the Baltics,2011-01-01,213609000000.0
Central Europe and the Baltics,2013-01-01,283143000000.0
Central Europe and the Baltics,2014-01-01,238729000000.0
Central Europe and the Baltics,2015-01-01,198445000000.0
Central Europe and the Baltics,2016-01-01,204760000000.0
Central Europe and the Baltics,2017-01-01,285651000000.0
Central Europe and the Baltics,2018-01-01,238046000000.0
Central Europe and the Baltics,2019-01-01,283310000000.0
Switzerland,1998-01-01,689199000000.0
Switzerland,1999-01-01,678232000000.0
Switzerland,2000-01-01,792316000000.0
Switzerland,2001-01-01,527356000000.0
Switzerland,2002-01-01,612667000000.0
Switzerland,2003-01-01,727103000000.0
Switzerland,2004-01-01,829098000000.0
Switzerland,2005-01-01,938698000000.0
Switzerland,2006-01-01,1212530000000.0
Switzerland,2007-01-01,1274660000000.0
Switzerland,2008-01-01,880334000000.0
Switzerland,2009-01-01,1064690000000.0
Switzerland,2010-01-01,1229360000000.0
Switzerland,2011-01-01,1089520000000.0
Switzerland,2012-01-01,1233440000000.0
Switzerland,2013-01-01,1540700000000.0
Switzerland,2014-01-01,1495310000000.0
Switzerland,2015-01-01,1519320000000.0
Switzerland,2016-01-01,1403360000000.0
Switzerland,2017-01-01,1686500000000.0
Switzerland,2018-01-01,1441160000000.0
Switzerland,2019-01-01,1834450000000.0
Channel Islands,1998-01-01,159150000.0
Channel Islands,1999-01-01,247360000.0
Channel Islands,2000-01-01,255080000.0
Channel Islands,2001-01-01,454100000.0
Channel Islands,2002-01-01,265840000.0
Channel Islands,2003-01-01,227350000.0
Channel Islands,2004-01-01,184300000.0
Channel Islands,2005-01-01,537340000.0
Channel Islands,2006-01-01,1479740000.0
Chile,1998-01-01,51866170000.0
Chile,1999-01-01,68227520000.0
Chile,2000-01-01,60400770000.0
Chile,2001-01-01,56309720000.0
Chile,2002-01-01,49827000000.0
Chile,2003-01-01,86525910000.0
Chile,2004-01-01,116924000000.0
Chile,2005-01-01,136493000000.0
Chile,2006-01-01,174419000000.0
Chile,2007-01-01,212910000000.0
Chile,2008-01-01,131808000000.0
Chile,2009-01-01,230732000000.0
Chile,2010-01-01,341799000000.0
Chile,2011-01-01,270289000000.0
Chile,2012-01-01,313325000000.0
Chile,2013-01-01,265150000000.0
Chile,2014-01-01,233245000000.0
Chile,2015-01-01,190352000000.0
Chile,2016-01-01,212480000000.0
Chile,2017-01-01,294676000000.0
Chile,2018-01-01,250740000000.0
Chile,2019-01-01,203792000000.0
China,2003-01-01,512979000000.0
China,2004-01-01,447720000000.0
China,2005-01-01,401852000000.0
China,2006-01-01,1145450000000.0
China,2007-01-01,4478870000000.0
China,2008-01-01,1778780000000.0
China,2009-01-01,3573150000000.0
China,2010-01-01,4027840000000.0
China,2011-01-01,3412110000000.0
China,2012-01-01,3697380000000.0
China,2013-01-01,3949140000000.0
China,2014-01-01,6004950000000.0
China,2015-01-01,8188020000000.0
China,2016-01-01,7320740000000.0
China,2017-01-01,8711270000000.0
China,2018-01-01,6324880000000.0
China,2019-01-01,8515500000000.0
Cote d'Ivoire,1998-01-01,1825250000.0
Cote d'Ivoire,1999-01-01,1293420000.0
Cote d'Ivoire,2000-01-01,436330000.0
Cote d'Ivoire,2001-01-01,984230000.0
Cote d'Ivoire,2002-01-01,1314710000.0
Cote d'Ivoire,2003-01-01,1650110000.0
Cote d'Ivoire,2004-01-01,2082660000.0
Cote d'Ivoire,2005-01-01,2332410000.0
Cote d'Ivoire,2006-01-01,4155260000.0
Cote d'Ivoire,2007-01-01,8305170000.0
Cote d'Ivoire,2008-01-01,7087790000.0
Cote d'Ivoire,2009-01-01,6124330000.0
Cote d'Ivoire,2010-01-01,7158120000.0
Cote d'Ivoire,2011-01-01,6287600000.0
Cote d'Ivoire,2013-01-01,11818850000.0
Cote d'Ivoire,2014-01-01,11710400000.0
Cote d'Ivoire,2015-01-01,12493030000.0
Cote d'Ivoire,2016-01-01,12363659089.0
Cote d'Ivoire,2017-01-01,12485700000.0
Cote d'Ivoire,2018-01-01,8453312865.0
Cote d'Ivoire,2019-01-01,8100130000.0
Colombia,2005-01-01,50500810000.0
Colombia,2006-01-01,56204320000.0
Colombia,2007-01-01,101956000000.0
Colombia,2008-01-01,87716200000.0
Colombia,2009-01-01,140520000000.0
Colombia,2010-01-01,208502000000.0
Colombia,2011-01-01,201296000000.0
Colombia,2012-01-01,262101000000.0
Colombia,2013-01-01,202693000000.0
Colombia,2014-01-01,146746000000.0
Colombia,2015-01-01,85955450000.0
Colombia,2016-01-01,103819000000.0
Colombia,2017-01-01,121477000000.0
Colombia,2018-01-01,103848000000.0
Colombia,2019-01-01,132040000000.0
Costa Rica,1998-01-01,1308290000.0
Costa Rica,1999-01-01,2308350000.0
Costa Rica,2003-01-01,520490000.0
Costa Rica,2004-01-01,1558300000.0
Costa Rica,2005-01-01,1510240000.0
Costa Rica,2006-01-01,1879810000.0
Costa Rica,2007-01-01,2181820000.0
Costa Rica,2008-01-01,1905330000.0
Costa Rica,2009-01-01,1468480000.0
Costa Rica,2010-01-01,1444920000.0
Costa Rica,2011-01-01,1498420000.0
Costa Rica,2013-01-01,1949970000.0
Costa Rica,2014-01-01,2551360000.0
Costa Rica,2015-01-01,2353520000.0
Costa Rica,2016-01-01,2917800000.0
Costa Rica,2017-01-01,3010760000.0
Costa Rica,2018-01-01,2401120000.0
Costa Rica,2019-01-01,2217350000.0
Cayman Islands,1998-01-01,166120000.0
Cayman Islands,1999-01-01,58000000.0
Cayman Islands,2000-01-01,220160000.0
Cayman Islands,2001-01-01,189090000.0
Cayman Islands,2002-01-01,138990000.0
Cayman Islands,2003-01-01,2752110000.0
Cayman Islands,2004-01-01,2476990000.0
Cayman Islands,2005-01-01,1810120000.0
Cayman Islands,2006-01-01,158000000.0
Cayman Islands,2007-01-01,165000000.0
Cayman Islands,2008-01-01,159000000.0
Cayman Islands,2009-01-01,169000000.0
Cayman Islands,2010-01-01,238000000.0
Cayman Islands,2011-01-01,2275900000.0
Cayman Islands,2012-01-01,2006310000.0
Cayman Islands,2015-01-01,315630000.0
Cayman Islands,2018-01-01,437850000.0
Cayman Islands,2019-01-01,379050000.0
Cyprus,2006-01-01,16158020000.0
Cyprus,2007-01-01,17251300000.0
Cyprus,2008-01-01,7987930000.0
Cyprus,2009-01-01,10268870000.0
Cyprus,2010-01-01,6834300000.0
Cyprus,2011-01-01,2853320000.0
Cyprus,2012-01-01,1995750000.0
Cyprus,2013-01-01,2104730000.0
Cyprus,2014-01-01,4031000000.0
Cyprus,2015-01-01,2692400000.0
Cyprus,2016-01-01,2511333006.0
Cyprus,2017-01-01,2822392823.0
Cyprus,2018-01-01,3313490000.0
Cyprus,2019-01-01,4284870000.0
Czechia,1998-01-01,10430790000.0
Czechia,1999-01-01,10582930000.0
Czechia,2000-01-01,9746160000.0
Czechia,2001-01-01,8150100000.0
Czechia,2002-01-01,10256370000.0
Czechia,2003-01-01,15507730000.0
Czechia,2004-01-01,26891360000.0
Czechia,2005-01-01,34886410000.0
Czechia,2006-01-01,44372130000.0
Czechia,2007-01-01,68913190000.0
Czechia,2008-01-01,40912350000.0
Czechia,2019-01-01,26313100000.0
Germany,1998-01-01,1094250000000.0
Germany,1999-01-01,1432170000000.0
Germany,2000-01-01,1270240000000.0
Germany,2001-01-01,1071750000000.0
Germany,2002-01-01,686014000000.0
Germany,2003-01-01,1079030000000.0
Germany,2004-01-01,1194520000000.0
Germany,2005-01-01,1202140000000.0
Germany,2006-01-01,1637610000000.0
Germany,2007-01-01,2105200000000.0
Germany,2008-01-01,1110580000000.0
Germany,2009-01-01,1292360000000.0
Germany,2010-01-01,1429720000000.0
Germany,2011-01-01,1184500000000.0
Germany,2012-01-01,1486310000000.0
Germany,2013-01-01,1936110000000.0
Germany,2014-01-01,1738540000000.0
Germany,2015-01-01,1715800000000.0
Germany,2016-01-01,1716040000000.0
Germany,2017-01-01,2262220000000.0
Germany,2018-01-01,1755170000000.0
Germany,2019-01-01,2098170000000.0
Denmark,1998-01-01,98875480000.0
Denmark,1999-01-01,97452590000.0
Denmark,2000-01-01,111819000000.0
Denmark,2001-01-01,85145500000.0
Denmark,2002-01-01,76749870000.0
Denmark,2003-01-01,121641000000.0
Denmark,2004-01-01,151350000000.0
Algeria,1999-01-01,276638442.6
Algeria,2000-01-01,285296007.1
Algeria,2001-01-01,189155431.3
Algeria,2002-01-01,137851622.0
Algeria,2003-01-01,142674569.8
Algeria,2004-01-01,139092209.9
Algeria,2005-01-01,141728184.4
Algeria,2006-01-01,94296932.75
Algeria,2007-01-01,96663319.86
Algeria,2008-01-01,91314450.44
Algeria,2009-01-01,90058008.36
Algeria,2010-01-01,105412463.0
Algeria,2011-01-01,196798215.7
Algeria,2012-01-01,166815679.1
Algeria,2013-01-01,176833871.5
Algeria,2014-01-01,168288844.9
Algeria,2015-01-01,144019727.0
Algeria,2016-01-01,414179630.9
Algeria,2017-01-01,353143988.8
Algeria,2018-01-01,371418617.8
East Asia & Pacific (excluding high income),2003-01-01,873608000000.0
East Asia & Pacific (excluding high income),2004-01-01,850412000000.0
East Asia & Pacific (excluding high income),2005-01-01,833620000000.0
East Asia & Pacific (excluding high income),2006-01-01,1735680000000.0
East Asia & Pacific (excluding high income),2007-01-01,5328790000000.0
East Asia & Pacific (excluding high income),2008-01-01,2245490000000.0
East Asia & Pacific (excluding high income),2009-01-01,4391440000000.0
East Asia & Pacific (excluding high income),2010-01-01,5279850000000.0
East Asia & Pacific (excluding high income),2011-01-01,4669950000000.0
East Asia & Pacific (excluding high income),2012-01-01,5247960000000.0
East Asia & Pacific (excluding high income),2013-01-01,5415950000000.0
East Asia & Pacific (excluding high income),2014-01-01,7634080000000.0
East Asia & Pacific (excluding high income),2015-01-01,9572340000000.0
East Asia & Pacific (excluding high income),2016-01-01,8853850000000.0
East Asia & Pacific (excluding high income),2017-01-01,10653900000000.0
East Asia & Pacific (excluding high income),2018-01-01,8101210000000.0
East Asia & Pacific (excluding high income),2019-01-01,10437100000000.0
Early-demographic dividend,1998-01-01,493407000000.0
Early-demographic dividend,1999-01-01,821321000000.0
Early-demographic dividend,2000-01-01,856349000000.0
Early-demographic dividend,2001-01-01,645902000000.0
Early-demographic dividend,2002-01-01,655235000000.0
Early-demographic dividend,2003-01-01,1002620000000.0
Early-demographic dividend,2004-01-01,1491620000000.0
Early-demographic dividend,2005-01-01,2007460000000.0
Early-demographic dividend,2006-01-01,2793180000000.0
Early-demographic dividend,2007-01-01,4502720000000.0
Early-demographic dividend,2008-01-01,2210530000000.0
Early-demographic dividend,2009-01-01,3957680000000.0
Early-demographic dividend,2010-01-01,5036590000000.0
Early-demographic dividend,2011-01-01,4125180000000.0
Early-demographic dividend,2012-01-01,4660750000000.0
Early-demographic dividend,2013-01-01,4801640000000.0
Early-demographic dividend,2014-01-01,5150460000000.0
Early-demographic dividend,2015-01-01,4715160000000.0
Early-demographic dividend,2016-01-01,4963270000000.0
Early-demographic dividend,2017-01-01,6441570000000.0
Early-demographic dividend,2018-01-01,5579830000000.0
Early-demographic dividend,2019-01-01,8027090000000.0
East Asia & Pacific,1998-01-01,3793610000000.0
East Asia & Pacific,1999-01-01,6698100000000.0
East Asia & Pacific,2000-01-01,4938880000000.0
East Asia & Pacific,2001-01-01,4004950000000.0
East Asia & Pacific,2002-01-01,3802310000000.0
East Asia & Pacific,2003-01-01,6052230000000.0
East Asia & Pacific,2004-01-01,7212360000000.0
East Asia & Pacific,2005-01-01,8797460000000.0
East Asia & Pacific,2006-01-01,11077000000000.0
East Asia & Pacific,2007-01-01,16043000000000.0
East Asia & Pacific,2008-01-01,8514150000000.0
East Asia & Pacific,2009-01-01,13334800000000.0
East Asia & Pacific,2010-01-01,15898900000000.0
East Asia & Pacific,2011-01-01,13726300000000.0
East Asia & Pacific,2012-01-01,15738100000000.0
East Asia & Pacific,2013-01-01,17371500000000.0
East Asia & Pacific,2014-01-01,19509600000000.0
East Asia & Pacific,2015-01-01,21612700000000.0
East Asia & Pacific,2016-01-01,21174300000000.0
East Asia & Pacific,2017-01-01,26574300000000.0
East Asia & Pacific,2018-01-01,21718800000000.0
East Asia & Pacific,2019-01-01,26637100000000.0
Europe & Central Asia (excluding high income),2009-01-01,1057360000000.0
Europe & Central Asia (excluding high income),2010-01-01,1348270000000.0
Europe & Central Asia (excluding high income),2011-01-01,1058660000000.0
Europe & Central Asia (excluding high income),2012-01-01,1167870000000.0
Europe & Central Asia (excluding high income),2013-01-01,1039250000000.0
Europe & Central Asia (excluding high income),2014-01-01,663871000000.0
Europe & Central Asia (excluding high income),2015-01-01,641784000000.0
Europe & Central Asia (excluding high income),2016-01-01,857742000000.0
Europe & Central Asia (excluding high income),2017-01-01,925314000000.0
Europe & Central Asia (excluding high income),2018-01-01,787654000000.0
Europe & Central Asia (excluding high income),2019-01-01,1063570000000.0
Europe & Central Asia,1998-01-01,6249520000000.0
Europe & Central Asia,1999-01-01,9545980000000.0
Europe & Central Asia,2000-01-01,9045060000000.0
Europe & Central Asia,2001-01-01,7344950000000.0
Europe & Central Asia,2002-01-01,6259690000000.0
Europe & Central Asia,2003-01-01,8622580000000.0
Europe & Central Asia,2004-01-01,9969930000000.0
Europe & Central Asia,2005-01-01,10675400000000.0
Europe & Central Asia,2006-01-01,14165000000000.0
Europe & Central Asia,2007-01-01,16337100000000.0
Europe & Central Asia,2008-01-01,8241410000000.0
Europe & Central Asia,2009-01-01,12020000000000.0
Europe & Central Asia,2010-01-01,12239100000000.0
Europe & Central Asia,2011-01-01,10877200000000.0
Europe & Central Asia,2012-01-01,12265300000000.0
Europe & Central Asia,2013-01-01,14742500000000.0
Europe & Central Asia,2014-01-01,13155900000000.0
Europe & Central Asia,2015-01-01,8645090000000.0
Europe & Central Asia,2016-01-01,8841200000000.0
Europe & Central Asia,2017-01-01,11094200000000.0
Ecuador,1998-01-01,1556000000.0
Ecuador,1999-01-01,522000000.0
Ecuador,2000-01-01,747000000.0
Egypt,2006-01-01,93496400000.0
Egypt,2007-01-01,139274000000.0
Egypt,2008-01-01,85978070000.0
Egypt,2009-01-01,91207340000.0
Egypt,2010-01-01,84276830000.0
Egypt,2011-01-01,48849670000.0
Egypt,2012-01-01,59181970000.0
Egypt,2013-01-01,61629650000.0
Egypt,2014-01-01,70083650000.0
Egypt,2015-01-01,55191870000.0
Egypt,2016-01-01,33323010781.0
Egypt,2017-01-01,46546100000.0
Egypt,2018-01-01,42005550000.0
Egypt,2019-01-01,44199850000.0
Euro area,1998-01-01,2768850000000.0
Euro area,1999-01-01,5222450000000.0
Euro area,2000-01-01,5057620000000.0
Euro area,2001-01-01,4191000000000.0
Euro area,2002-01-01,3371620000000.0
Euro area,2003-01-01,4811130000000.0
Euro area,2004-01-01,5778530000000.0
Euro area,2005-01-01,6118060000000.0
Euro area,2006-01-01,8373100000000.0
Euro area,2007-01-01,10061900000000.0
Euro area,2008-01-01,4989580000000.0
Euro area,2009-01-01,6670770000000.0
Euro area,2010-01-01,6439480000000.0
Euro area,2011-01-01,5399690000000.0
Euro area,2012-01-01,6135010000000.0
Euro area,2013-01-01,7708690000000.0
Euro area,2014-01-01,7006680000000.0
Euro area,2015-01-01,6120620000000.0
Euro area,2016-01-01,6171850000000.0
Euro area,2017-01-01,7944620000000.0
Euro area,2018-01-01,5558280000000.0
Spain,1998-01-01,402163000000.0
Spain,1999-01-01,430900000000.0
Spain,2000-01-01,504219000000.0
Spain,2001-01-01,468203000000.0
Spain,2002-01-01,461559000000.0
Spain,2003-01-01,726243000000.0
Spain,2004-01-01,940673000000.0
Spain,2005-01-01,959910000000.0
Spain,2006-01-01,1322920000000.0
Spain,2007-01-01,1799830000000.0
Spain,2008-01-01,948352000000.0
Spain,2009-01-01,1434540000000.0
Spain,2010-01-01,1171620000000.0
Spain,2011-01-01,1030990000000.0
Spain,2012-01-01,995088000000.0
Spain,2013-01-01,1116560000000.0
Spain,2014-01-01,992914000000.0
Spain,2015-01-01,787192000000.0
Spain,2016-01-01,704551000000.0
Spain,2017-01-01,888838000000.0
Spain,2018-01-01,723691000000.0
Spain,2019-01-01,797286000000.0
European Union,1998-01-01,3180750000000.0
European Union,1999-01-01,5736270000000.0
European Union,2000-01-01,5542040000000.0
European Union,2001-01-01,4551140000000.0
European Union,2002-01-01,3690430000000.0
European Union,2003-01-01,5303130000000.0
European Union,2004-01-01,6080630000000.0
European Union,2005-01-01,6313410000000.0
European Union,2006-01-01,8672820000000.0
European Union,2007-01-01,10511200000000.0
European Union,2008-01-01,5190930000000.0
European Union,2009-01-01,6900110000000.0
European Union,2010-01-01,6705070000000.0
European Union,2011-01-01,5601540000000.0
European Union,2012-01-01,6333180000000.0
European Union,2013-01-01,7979080000000.0
European Union,2014-01-01,7232510000000.0
European Union,2015-01-01,6313030000000.0
European Union,2016-01-01,6371350000000.0
European Union,2017-01-01,8223950000000.0
European Union,2018-01-01,5789060000000.0
Finland,1998-01-01,96718280000.0
Finland,1999-01-01,40804170000.0
Finland,2000-01-01,33146100000.0
Finland,2001-01-01,20391530000.0
Finland,2002-01-01,15277460000.0
Finland,2003-01-01,18763320000.0
Finland,2004-01-01,20344330000.0
France,1998-01-01,151151000000.0
France,1999-01-01,1502950000000.0
France,2000-01-01,1446630000000.0
France,2001-01-01,1174660000000.0
France,2002-01-01,967015000000.0
France,2003-01-01,1355930000000.0
France,2004-01-01,1559110000000.0
France,2005-01-01,1758510000000.0
France,2006-01-01,2428250000000.0
France,2007-01-01,2740340000000.0
France,2008-01-01,1472410000000.0
France,2009-01-01,1946190000000.0
France,2010-01-01,1911520000000.0
France,2011-01-01,1553960000000.0
France,2012-01-01,1808190000000.0
France,2013-01-01,2301090000000.0
France,2014-01-01,2085900000000.0
France,2015-01-01,2088320000000.0
France,2016-01-01,2159050000000.0
France,2017-01-01,2749310000000.0
France,2018-01-01,2365950000000.0
United Kingdom,1998-01-01,2297650000000.0
United Kingdom,1999-01-01,2954820000000.0
United Kingdom,2000-01-01,2576990000000.0
United Kingdom,2001-01-01,2149500000000.0
United Kingdom,2002-01-01,1856190000000.0
United Kingdom,2003-01-01,2425820000000.0
United Kingdom,2004-01-01,2815930000000.0
United Kingdom,2005-01-01,3058180000000.0
United Kingdom,2006-01-01,3781360000000.0
United Kingdom,2007-01-01,3846460000000.0
United Kingdom,2008-01-01,1868150000000.0
United Kingdom,2009-01-01,2796440000000.0
United Kingdom,2010-01-01,2686880000000.0
United Kingdom,2011-01-01,2932240000000.0
United Kingdom,2012-01-01,3291640000000.0
United Kingdom,2013-01-01,3946880000000.0
United Kingdom,2014-01-01,3570890000000.0
Ghana,1998-01-01,1387010000.0
Ghana,1999-01-01,920000000.0
Ghana,2000-01-01,500000000.0
Ghana,2001-01-01,280000000.0
Ghana,2002-01-01,350000000.0
Ghana,2003-01-01,640000000.0
Ghana,2004-01-01,480000000.0
Ghana,2005-01-01,610000000.0
Ghana,2006-01-01,760000000.0
Ghana,2007-01-01,2401290000.0
Ghana,2008-01-01,2844380000.0
Ghana,2009-01-01,2427020000.0
Ghana,2010-01-01,2947690000.0
Ghana,2011-01-01,3098510000.0
Greece,2001-01-01,84752030000.0
Greece,2002-01-01,67061460000.0
Greece,2003-01-01,106644000000.0
Greece,2004-01-01,125242000000.0
Greece,2005-01-01,145121000000.0
Greece,2006-01-01,200696000000.0
Greece,2007-01-01,264961000000.0
Greece,2008-01-01,90200000000.0
Greece,2009-01-01,112632000000.0
Greece,2010-01-01,67586420000.0
Greece,2011-01-01,33778890000.0
Greece,2012-01-01,44876550000.0
Greece,2013-01-01,82594240000.0
Greece,2014-01-01,55154270000.0
Greece,2015-01-01,42079580000.0
Greece,2016-01-01,37163048981.0
Greece,2017-01-01,50605060000.0
Greece,2018-01-01,38370850000.0
Greece,2019-01-01,53653980000.0
High income,1998-01-01,23953200000000.0
High income,1999-01-01,32220200000000.0
High income,2000-01-01,29764100000000.0
High income,2001-01-01,25857200000000.0
High income,2002-01-01,21879300000000.0
High income,2003-01-01,29135100000000.0
High income,2004-01-01,34025700000000.0
High income,2005-01-01,37327200000000.0
High income,2006-01-01,45007800000000.0
High income,2007-01-01,49484300000000.0
High income,2008-01-01,27419900000000.0
High income,2009-01-01,37581500000000.0
High income,2010-01-01,42075300000000.0
High income,2011-01-01,37343300000000.0
High income,2012-01-01,43303200000000.0
High income,2013-01-01,53122600000000.0
High income,2014-01-01,54165700000000.0
High income,2015-01-01,48064400000000.0
High income,2016-01-01,50945700000000.0
High income,2017-01-01,61971100000000.0
High income,2018-01-01,54844600000000.0
High income,2019-01-01,61432000000000.0
Hong Kong,1998-01-01,343567000000.0
Hong Kong,1999-01-01,608159000000.0
Hong Kong,2000-01-01,623398000000.0
Hong Kong,2001-01-01,506073000000.0
Hong Kong,2002-01-01,463055000000.0
Hong Kong,2003-01-01,714597000000.0
Hong Kong,2004-01-01,861463000000.0
Hong Kong,2005-01-01,1055000000000.0
Hong Kong,2006-01-01,1714950000000.0
Hong Kong,2007-01-01,2654420000000.0
Hong Kong,2008-01-01,1328770000000.0
Hong Kong,2009-01-01,2305140000000.0
Hong Kong,2010-01-01,2711320000000.0
Hong Kong,2011-01-01,2258040000000.0
Hong Kong,2012-01-01,2831950000000.0
Hong Kong,2013-01-01,3100780000000.0
Hong Kong,2014-01-01,3233030000000.0
Hong Kong,2015-01-01,3184870000000.0
Hong Kong,2016-01-01,3193240000000.0
Hong Kong,2017-01-01,4350510000000.0
Hong Kong,2018-01-01,3819220000000.0
Hong Kong,2019-01-01,4899230000000.0
Croatia,1998-01-01,2928580000.0
Croatia,1999-01-01,2508850000.0
Croatia,2000-01-01,2744640000.0
Croatia,2001-01-01,3127500000.0
Croatia,2002-01-01,8109770000.0
Croatia,2003-01-01,6125730000.0
Croatia,2004-01-01,10958640000.0
Croatia,2005-01-01,12918190000.0
Croatia,2006-01-01,29005630000.0
Croatia,2007-01-01,70222950000.0
Croatia,2008-01-01,27126480000.0
Croatia,2009-01-01,26618990000.0
Croatia,2010-01-01,25596130000.0
Croatia,2011-01-01,22558380000.0
Croatia,2013-01-01,21484740000.0
Croatia,2014-01-01,20036880000.0
Croatia,2015-01-01,18414470000.0
Croatia,2016-01-01,20180810000.0
Croatia,2017-01-01,22764800000.0
Croatia,2018-01-01,20508990000.0
Croatia,2019-01-01,22458260000.0
Hungary,2002-01-01,12988880000.0
Hungary,2003-01-01,16662910000.0
Hungary,2004-01-01,28597850000.0
Hungary,2005-01-01,32575670000.0
Hungary,2006-01-01,41934490000.0
Hungary,2007-01-01,46195630000.0
Hungary,2008-01-01,18465410000.0
Hungary,2009-01-01,30036630000.0
Hungary,2010-01-01,27708410000.0
Hungary,2011-01-01,18772970000.0
Hungary,2012-01-01,20760180000.0
Hungary,2013-01-01,19797410000.0
Hungary,2014-01-01,14513280000.0
Hungary,2015-01-01,17686950000.0
Hungary,2016-01-01,22553356584.0
Hungary,2017-01-01,31553860000.0
Hungary,2018-01-01,28934570000.0
Hungary,2019-01-01,32886530000.0
IBRD only,2003-01-01,2091360000000.0
IBRD only,2004-01-01,2639550000000.0
IBRD only,2005-01-01,3336670000000.0
IBRD only,2006-01-01,5308920000000.0
IBRD only,2007-01-01,11264400000000.0
IBRD only,2008-01-01,5131450000000.0
IBRD only,2009-01-01,10173700000000.0
IBRD only,2010-01-01,12574100000000.0
IBRD only,2011-01-01,10451700000000.0
IBRD only,2012-01-01,11631800000000.0
IBRD only,2013-01-01,11586600000000.0
IBRD only,2014-01-01,13284300000000.0
IBRD only,2015-01-01,14417300000000.0
IBRD only,2016-01-01,14425800000000.0
IBRD only,2017-01-01,17908200000000.0
IBRD only,2018-01-01,14359100000000.0
IBRD only,2019-01-01,17624100000000.0
IDA & IBRD total,2003-01-01,2101550000000.0
IDA & IBRD total,2004-01-01,2712940000000.0
IDA & IBRD total,2005-01-01,3425510000000.0
IDA & IBRD total,2006-01-01,5417500000000.0
IDA & IBRD total,2007-01-01,11464800000000.0
IDA & IBRD total,2008-01-01,5246550000000.0
IDA & IBRD total,2009-01-01,10295700000000.0
IDA & IBRD total,2010-01-01,12739800000000.0
IDA & IBRD total,2011-01-01,10606400000000.0
IDA & IBRD total,2012-01-01,11688000000000.0
IDA & IBRD total,2013-01-01,11733100000000.0
IDA & IBRD total,2014-01-01,13430500000000.0
IDA & IBRD total,2015-01-01,14547000000000.0
IDA & IBRD total,2016-01-01,14540000000000.0
IDA & IBRD total,2017-01-01,18045800000000.0
IDA & IBRD total,2018-01-01,14476400000000.0
IDA & IBRD total,2019-01-01,17768800000000.0
IDA blend,1998-01-01,18784940000.0
IDA blend,1999-01-01,12408070000.0
IDA blend,2004-01-01,69177570000.0
IDA blend,2005-01-01,80083680000.0
IDA blend,2006-01-01,96859380000.0
IDA blend,2007-01-01,180915000000.0
IDA blend,2008-01-01,93452100000.0
IDA blend,2009-01-01,92591320000.0
IDA blend,2010-01-01,114042000000.0
IDA blend,2011-01-01,94391380000.0
Indonesia,1998-01-01,22077860000.0
Indonesia,1999-01-01,64044670000.0
Indonesia,2000-01-01,26812500000.0
Indonesia,2001-01-01,22997860000.0
Indonesia,2002-01-01,30066960000.0
Indonesia,2003-01-01,54659060000.0
Indonesia,2004-01-01,73250640000.0
Indonesia,2005-01-01,81428120000.0
Indonesia,2006-01-01,138886000000.0
Indonesia,2007-01-01,211693000000.0
Indonesia,2008-01-01,98760600000.0
Indonesia,2009-01-01,214941000000.0
Indonesia,2010-01-01,360388000000.0
Indonesia,2011-01-01,390107000000.0
Indonesia,2012-01-01,428223000000.0
Indonesia,2013-01-01,346674000000.0
Indonesia,2014-01-01,422127000000.0
Indonesia,2015-01-01,353271000000.0
Indonesia,2016-01-01,425768000000.0
Indonesia,2017-01-01,520687000000.0
Indonesia,2018-01-01,486766000000.0
Indonesia,2019-01-01,523322000000.0
India,2000-01-01,225648000000.0
India,2001-01-01,148772000000.0
India,2002-01-01,172186000000.0
India,2003-01-01,308995000000.0
India,2004-01-01,415544000000.0
India,2005-01-01,624740000000.0
India,2006-01-01,895270000000.0
India,2007-01-01,1961860000000.0
India,2008-01-01,791308000000.0
India,2009-01-01,1367310000000.0
India,2010-01-01,1762460000000.0
India,2011-01-01,1244600000000.0
India,2012-01-01,1390420000000.0
India,2013-01-01,1265060000000.0
India,2014-01-01,1686710000000.0
India,2015-01-01,1745170000000.0
India,2016-01-01,1746300000000.0
India,2017-01-01,2555990000000.0
India,2018-01-01,2282310000000.0
India,2019-01-01,2286920000000.0
Ireland,1998-01-01,69676460000.0
Ireland,1999-01-01,68773180000.0
Ireland,2000-01-01,81882450000.0
Ireland,2001-01-01,75297840000.0
Ireland,2002-01-01,59937500000.0
Ireland,2003-01-01,85070380000.0
Ireland,2004-01-01,114085000000.0
Ireland,2005-01-01,114086000000.0
Ireland,2006-01-01,163269000000.0
Ireland,2007-01-01,143905000000.0
Ireland,2008-01-01,49489910000.0
Ireland,2009-01-01,61291120000.0
Ireland,2010-01-01,60368310000.0
Ireland,2011-01-01,108393000000.0
Ireland,2012-01-01,108989000000.0
Ireland,2013-01-01,170123000000.0
Ireland,2014-01-01,143466000000.0
Ireland,2015-01-01,128009000000.0
Ireland,2016-01-01,119829000000.0
Ireland,2017-01-01,146554000000.0
Ireland,2018-01-01,110154000000.0
Iran,1998-01-01,14903260000.0
Iran,1999-01-01,21827030000.0
Iran,2000-01-01,26685660000.0
Iran,2001-01-01,7381240000.0
Iran,2002-01-01,11760560000.0
Iran,2003-01-01,27544170000.0
Iran,2004-01-01,42600420000.0
Iran,2005-01-01,36440220000.0
Iran,2006-01-01,36314580000.0
Iran,2007-01-01,43885010000.0
Iran,2008-01-01,48712710000.0
Iran,2009-01-01,59183540000.0
Iran,2010-01-01,86641520000.0
Iran,2011-01-01,107090000000.0
Iran,2012-01-01,90995750000.0
Iran,2013-01-01,345777000000.0
Iran,2014-01-01,116638000000.0
Iran,2015-01-01,89428040000.0
Iran,2016-01-01,101008000000.0
Iran,2017-01-01,106329000000.0
Iran,2018-01-01,143548000000.0
Iran,2019-01-01,320671000000.0
Israel,1998-01-01,40883390000.0
Israel,1999-01-01,65261070000.0
Israel,2000-01-01,66742920000.0
Israel,2001-01-01,57655940000.0
Israel,2002-01-01,42131470000.0
Israel,2003-01-01,70169060000.0
Israel,2004-01-01,91856250000.0
Israel,2005-01-01,122578000000.0
Israel,2006-01-01,161732000000.0
Israel,2007-01-01,235056000000.0
Israel,2008-01-01,107706000000.0
Israel,2009-01-01,188734000000.0
Israel,2010-01-01,227614000000.0
Israel,2011-01-01,156939000000.0
Israel,2012-01-01,161855000000.0
Israel,2013-01-01,203301000000.0
Israel,2014-01-01,200525000000.0
Israel,2015-01-01,243904000000.0
Israel,2016-01-01,213984000000.0
Israel,2017-01-01,231049000000.0
Israel,2018-01-01,187466000000.0
Israel,2019-01-01,237371000000.0
Italy,1998-01-01,294240000.0
Italy,1999-01-01,728240000000.0
Italy,2000-01-01,768363000000.0
Italy,2001-01-01,527467000000.0
Italy,2002-01-01,477075000000.0
Italy,2003-01-01,614842000000.0
Italy,2004-01-01,789563000000.0
Italy,2005-01-01,798073000000.0
Italy,2006-01-01,1026500000000.0
Italy,2007-01-01,1072530000000.0
Italy,2008-01-01,522088000000.0
Italy,2009-01-01,655848000000.0
Italy,2010-01-01,535059000000.0
Italy,2011-01-01,431486000000.0
Italy,2012-01-01,481827000000.0
Italy,2013-01-01,615462000000.0
Italy,2014-01-01,587312000000.0
Jamaica,1998-01-01,2133300000.0
Jamaica,1999-01-01,2525300000.0
Jamaica,2000-01-01,3550680000.0
Jamaica,2001-01-01,4718500000.0
Jamaica,2002-01-01,6037030000.0
Jamaica,2010-01-01,3884350000.0
Jamaica,2011-01-01,5008860000.0
Jamaica,2013-01-01,3339110000.0
Jamaica,2014-01-01,2936990000.0
Jamaica,2015-01-01,5899490000.0
Jamaica,2016-01-01,6469030000.0
Jamaica,2017-01-01,9404890000.0
Jamaica,2018-01-01,12057130000.0
Jamaica,2019-01-01,15767450000.0
Jordan,2007-01-01,40838460000.0
Jordan,2008-01-01,35894700000.0
Jordan,2009-01-01,31826650000.0
Jordan,2010-01-01,30864420000.0
Jordan,2011-01-01,27183020000.0
Jordan,2012-01-01,26967480000.0
Jordan,2013-01-01,25764430000.0
Jordan,2014-01-01,25554860000.0
Jordan,2015-01-01,25452410000.0
Jordan,2016-01-01,24573951247.0
Jordan,2017-01-01,23968560000.0
Jordan,2018-01-01,22740040000.0
Jordan,2019-01-01,21036390000.0
Japan,1998-01-01,2439550000000.0
Japan,1999-01-01,4455350000000.0
Japan,2000-01-01,3157220000000.0
Japan,2001-01-01,2264530000000.0
Japan,2002-01-01,2069300000000.0
Japan,2003-01-01,2953100000000.0
Japan,2004-01-01,3557670000000.0
Japan,2005-01-01,4572900000000.0
Japan,2006-01-01,4614070000000.0
Japan,2007-01-01,4330920000000.0
Japan,2008-01-01,3115800000000.0
Japan,2009-01-01,3306080000000.0
Japan,2010-01-01,3827770000000.0
Japan,2011-01-01,3325390000000.0
Japan,2012-01-01,3478830000000.0
Japan,2013-01-01,4543170000000.0
Japan,2014-01-01,4377990000000.0
Japan,2015-01-01,4894920000000.0
Japan,2016-01-01,4955300000000.0
Japan,2017-01-01,6222830000000.0
Japan,2018-01-01,5296810000000.0
Japan,2019-01-01,6191070000000.0
Kazakhstan,1998-01-01,1693670000.0
Kazakhstan,2002-01-01,1289440000.0
Kazakhstan,2003-01-01,2425900000.0
Kazakhstan,2004-01-01,3941880000.0
Kazakhstan,2005-01-01,10528660000.0
Kazakhstan,2006-01-01,43688350000.0
Kazakhstan,2007-01-01,41377500000.0
Kazakhstan,2008-01-01,23271810000.0
Kazakhstan,2009-01-01,27929370000.0
Kazakhstan,2010-01-01,26672730000.0
Kazakhstan,2011-01-01,22537310000.0
Kazakhstan,2012-01-01,23542600000.0
Kazakhstan,2013-01-01,26228210000.0
Kazakhstan,2014-01-01,22973440000.0
Kazakhstan,2015-01-01,34891880000.0
Kazakhstan,2016-01-01,40161214777.0
Kazakhstan,2017-01-01,45558250000.0
Kazakhstan,2018-01-01,37005250000.0
Kazakhstan,2019-01-01,44972360000.0
Kenya,1998-01-01,2088570000.0
Kenya,2000-01-01,1255390000.0
Kenya,2001-01-01,1045300000.0
Kenya,2002-01-01,1431290000.0
Kenya,2003-01-01,4182760000.0
Kenya,2004-01-01,3890970000.0
Kenya,2005-01-01,6383990000.0
Kenya,2006-01-01,11378040000.0
Kenya,2007-01-01,13344620000.0
Kenya,2008-01-01,10854100000.0
Kenya,2009-01-01,10966800000.0
Kenya,2010-01-01,14460870000.0
Kenya,2011-01-01,10202610000.0
Kenya,2019-01-01,25061520000.0
South Korea,1998-01-01,114593000000.0
South Korea,1999-01-01,306128000000.0
South Korea,2000-01-01,171262000000.0
South Korea,2001-01-01,233921000000.0
South Korea,2002-01-01,250707000000.0
South Korea,2003-01-01,329457000000.0
South Korea,2004-01-01,428326000000.0
South Korea,2005-01-01,718011000000.0
South Korea,2006-01-01,834404000000.0
South Korea,2007-01-01,1122610000000.0
South Korea,2008-01-01,470798000000.0
South Korea,2009-01-01,834597000000.0
South Korea,2010-01-01,1091910000000.0
South Korea,2011-01-01,996140000000.0
South Korea,2012-01-01,1179420000000.0
South Korea,2013-01-01,1234550000000.0
South Korea,2014-01-01,1212760000000.0
South Korea,2015-01-01,1231200000000.0
South Korea,2016-01-01,1254540000000.0
South Korea,2017-01-01,1771770000000.0
South Korea,2018-01-01,1413720000000.0
South Korea,2019-01-01,1484840000000.0
Kuwait,1998-01-01,22765250000.0
Kuwait,1999-01-01,20019720000.0
Kuwait,2000-01-01,19459900000.0
Kuwait,2001-01-01,22633510000.0
Kuwait,2002-01-01,31460220000.0
Kuwait,2003-01-01,60951560000.0
Kuwait,2004-01-01,72903660000.0
Kuwait,2005-01-01,103720000000.0
Kuwait,2006-01-01,107063000000.0
Kuwait,2015-01-01,96113490000.0
Kuwait,2019-01-01,118142000000.0
Latin America & Caribbean (excluding high income),2000-01-01,414037000000.0
Latin America & Caribbean (excluding high income),2001-01-01,362991000000.0
Latin America & Caribbean (excluding high income),2002-01-01,267847000000.0
Latin America & Caribbean (excluding high income),2003-01-01,409953000000.0
Latin America & Caribbean (excluding high income),2004-01-01,566177000000.0
Latin America & Caribbean (excluding high income),2005-01-01,843479000000.0
Latin America & Caribbean (excluding high income),2006-01-01,1215090000000.0
Latin America & Caribbean (excluding high income),2007-01-01,2005230000000.0
Latin America & Caribbean (excluding high income),2008-01-01,1000430000000.0
Latin America & Caribbean (excluding high income),2009-01-01,1956410000000.0
Latin America & Caribbean (excluding high income),2010-01-01,2389350000000.0
Latin America & Caribbean (excluding high income),2011-01-01,1981570000000.0
Latin America & Caribbean (excluding high income),2012-01-01,2164020000000.0
Latin America & Caribbean (excluding high income),2013-01-01,1901110000000.0
Latin America & Caribbean (excluding high income),2014-01-01,1629110000000.0
Latin America & Caribbean (excluding high income),2015-01-01,1112860000000.0
Latin America & Caribbean (excluding high income),2016-01-01,1380830000000.0
Latin America & Caribbean (excluding high income),2017-01-01,1728610000000.0
Latin America & Caribbean (excluding high income),2018-01-01,1575200000000.0
Latin America & Caribbean (excluding high income),2019-01-01,1906640000000.0
Lebanon,1998-01-01,2391000000.0
Lebanon,1999-01-01,1891350000.0
Lebanon,2000-01-01,1554260000.0
Lebanon,2001-01-01,1228000000.0
Lebanon,2002-01-01,1326450000.0
Lebanon,2003-01-01,1417740000.0
Lebanon,2004-01-01,2206290000.0
Lebanon,2005-01-01,4809840000.0
Lebanon,2006-01-01,8143960000.0
Lebanon,2007-01-01,10745910000.0
Lebanon,2008-01-01,9583570000.0
Lebanon,2009-01-01,12849820000.0
Lebanon,2010-01-01,12697350000.0
Lebanon,2011-01-01,9047140000.0
Lebanon,2012-01-01,9078600000.0
Lebanon,2013-01-01,10668220000.0
Lebanon,2014-01-01,11328150000.0
Lebanon,2015-01-01,11380950000.0
Lebanon,2016-01-01,12122530000.0
Lebanon,2017-01-01,11491770000.0
Lebanon,2018-01-01,9675180000.0
Lebanon,2019-01-01,7735800000.0
Latin America & Caribbean,2000-01-01,487883000000.0
Latin America & Caribbean,2001-01-01,431432000000.0
Latin America & Caribbean,2002-01-01,321792000000.0
Latin America & Caribbean,2003-01-01,499231000000.0
Latin America & Caribbean,2004-01-01,685578000000.0
Latin America & Caribbean,2005-01-01,981782000000.0
Latin America & Caribbean,2006-01-01,1389670000000.0
Latin America & Caribbean,2007-01-01,2218310000000.0
Latin America & Caribbean,2008-01-01,1132400000000.0
Latin America & Caribbean,2009-01-01,2187310000000.0
Latin America & Caribbean,2010-01-01,2733570000000.0
Latin America & Caribbean,2011-01-01,2258700000000.0
Latin America & Caribbean,2012-01-01,2479350000000.0
Latin America & Caribbean,2013-01-01,2170240000000.0
Latin America & Caribbean,2014-01-01,1865040000000.0
Latin America & Caribbean,2015-01-01,1306480000000.0
Latin America & Caribbean,2016-01-01,1596400000000.0
Latin America & Caribbean,2017-01-01,2026640000000.0
Latin America & Caribbean,2018-01-01,1829920000000.0
Latin America & Caribbean,2019-01-01,2114210000000.0
Sri Lanka,1999-01-01,1584030000.0
Sri Lanka,2000-01-01,1074140000.0
Sri Lanka,2001-01-01,1331530000.0
Sri Lanka,2002-01-01,1680410000.0
Sri Lanka,2003-01-01,2711070000.0
Sri Lanka,2004-01-01,3657000000.0
Sri Lanka,2005-01-01,5719990000.0
Sri Lanka,2006-01-01,7768850000.0
Sri Lanka,2007-01-01,7553170000.0
Sri Lanka,2008-01-01,4285950000.0
Sri Lanka,2009-01-01,9546660000.0
Sri Lanka,2010-01-01,19923860000.0
Sri Lanka,2011-01-01,19436990000.0
Sri Lanka,2012-01-01,16974010000.0
Sri Lanka,2013-01-01,18806550000.0
Sri Lanka,2014-01-01,23665120000.0
Sri Lanka,2015-01-01,20804110000.0
Sri Lanka,2016-01-01,18678773847.0
Sri Lanka,2017-01-01,18959520000.0
Sri Lanka,2018-01-01,15575020000.0
Sri Lanka,2019-01-01,15720540000.0
Lower middle income,2000-01-01,318253000000.0
Lower middle income,2001-01-01,211446000000.0
Lower middle income,2002-01-01,255267000000.0
Lower middle income,2004-01-01,638183000000.0
Lower middle income,2005-01-01,880469000000.0
Lower middle income,2006-01-01,1350390000000.0
Lower middle income,2007-01-01,2669560000000.0
Lower middle income,2008-01-01,1210460000000.0
Lower middle income,2009-01-01,1986380000000.0
Lower middle income,2010-01-01,2794890000000.0
Lower middle income,2011-01-01,2254150000000.0
Lower middle income,2012-01-01,2363520000000.0
Lower middle income,2013-01-01,2534820000000.0
Lower middle income,2014-01-01,2856830000000.0
Lower middle income,2015-01-01,2755040000000.0
Lower middle income,2016-01-01,2826540000000.0
Lower middle income,2017-01-01,3887200000000.0
Lower middle income,2018-01-01,3556310000000.0
Lower middle income,2019-01-01,3835130000000.0
Low & middle income,2003-01-01,1972340000000.0
Low & middle income,2004-01-01,2515300000000.0
Low & middle income,2005-01-01,3185240000000.0
Low & middle income,2006-01-01,5067160000000.0
Low & middle income,2007-01-01,10971800000000.0
Low & middle income,2008-01-01,4998620000000.0
Low & middle income,2009-01-01,9889800000000.0
Low & middle income,2010-01-01,12184200000000.0
Low & middle income,2011-01-01,10178100000000.0
Low & middle income,2012-01-01,11200100000000.0
Low & middle income,2013-01-01,11245200000000.0
Low & middle income,2014-01-01,13011500000000.0
Low & middle income,2015-01-01,14203800000000.0
Low & middle income,2016-01-01,14172100000000.0
Low & middle income,2017-01-01,17530900000000.0
Low & middle income,2018-01-01,14048400000000.0
Low & middle income,2019-01-01,17393600000000.0
Late-demographic dividend,2003-01-01,1312030000000.0
Late-demographic dividend,2004-01-01,1489080000000.0
Late-demographic dividend,2005-01-01,1745210000000.0
Late-demographic dividend,2006-01-01,3026880000000.0
Late-demographic dividend,2007-01-01,7443970000000.0
Late-demographic dividend,2008-01-01,3330820000000.0
Late-demographic dividend,2009-01-01,7016940000000.0
Late-demographic dividend,2010-01-01,8393920000000.0
Late-demographic dividend,2011-01-01,7118480000000.0
Late-demographic dividend,2012-01-01,7757090000000.0
Late-demographic dividend,2013-01-01,8016970000000.0
Late-demographic dividend,2014-01-01,9459760000000.0
Late-demographic dividend,2015-01-01,11038600000000.0
Late-demographic dividend,2016-01-01,10708000000000.0
Late-demographic dividend,2017-01-01,12768000000000.0
Late-demographic dividend,2018-01-01,10067800000000.0
Late-demographic dividend,2019-01-01,12847400000000.0
Luxembourg,1998-01-01,38182000000.0
Luxembourg,1999-01-01,35938660000.0
Luxembourg,2000-01-01,34016520000.0
Luxembourg,2001-01-01,22710360000.0
Luxembourg,2002-01-01,24551040000.0
Luxembourg,2003-01-01,37333210000.0
Luxembourg,2004-01-01,50143550000.0
Luxembourg,2005-01-01,51248410000.0
Luxembourg,2006-01-01,79513580000.0
Luxembourg,2007-01-01,166078000000.0
Luxembourg,2008-01-01,66614730000.0
Luxembourg,2009-01-01,105048000000.0
Luxembourg,2010-01-01,101129000000.0
Luxembourg,2011-01-01,67627420000.0
Luxembourg,2012-01-01,70338380000.0
Luxembourg,2013-01-01,78640840000.0
Luxembourg,2014-01-01,63167510000.0
Luxembourg,2015-01-01,47131380000.0
Luxembourg,2016-01-01,60910166393.0
Luxembourg,2017-01-01,68639080000.0
Luxembourg,2018-01-01,49482640000.0
Luxembourg,2019-01-01,44233610000.0
Morocco,2010-01-01,69152110000.0
Morocco,2011-01-01,60087890000.0
Morocco,2012-01-01,52479840000.0
Morocco,2013-01-01,53831380000.0
Morocco,2014-01-01,52746800000.0
Morocco,2015-01-01,45927920000.0
Morocco,2016-01-01,57579718868.0
Morocco,2017-01-01,67048480000.0
Morocco,2018-01-01,61080780000.0
Morocco,2019-01-01,65415260000.0
Middle East & North Africa,2009-01-01,886056000000.0
Middle East & North Africa,2010-01-01,1061920000000.0
Middle East & North Africa,2011-01-01,901319000000.0
Middle East & North Africa,2012-01-01,912211000000.0
Middle East & North Africa,2013-01-01,1554280000000.0
Middle East & North Africa,2014-01-01,1423090000000.0
Middle East & North Africa,2015-01-01,1403970000000.0
Middle East & North Africa,2016-01-01,1318830000000.0
Middle East & North Africa,2017-01-01,1361870000000.0
Middle East & North Africa,2018-01-01,1415430000000.0
Middle East & North Africa,2019-01-01,3689840000000.0
Mexico,1998-01-01,91745800000.0
Mexico,1999-01-01,154044000000.0
Mexico,2000-01-01,125204000000.0
Mexico,2001-01-01,126258000000.0
Mexico,2002-01-01,103941000000.0
Mexico,2003-01-01,122533000000.0
Mexico,2004-01-01,171402000000.0
Mexico,2005-01-01,239128000000.0
Mexico,2006-01-01,348345000000.0
Mexico,2007-01-01,397725000000.0
Mexico,2008-01-01,234055000000.0
Mexico,2009-01-01,352045000000.0
Mexico,2010-01-01,454345000000.0
Mexico,2011-01-01,408690000000.0
Mexico,2012-01-01,525057000000.0
Mexico,2013-01-01,526016000000.0
Mexico,2014-01-01,480245000000.0
Mexico,2015-01-01,402253000000.0
Mexico,2016-01-01,350810000000.0
Mexico,2017-01-01,417021000000.0
Mexico,2018-01-01,385051000000.0
Mexico,2019-01-01,413619000000.0
Middle income,2003-01-01,1972340000000.0
Middle income,2004-01-01,2515300000000.0
Middle income,2005-01-01,3185240000000.0
Middle income,2006-01-01,5067160000000.0
Middle income,2007-01-01,10971800000000.0
Middle income,2008-01-01,4998620000000.0
Middle income,2009-01-01,9889800000000.0
Middle income,2010-01-01,12184200000000.0
Middle income,2011-01-01,10178100000000.0
Middle income,2012-01-01,11200100000000.0
Middle income,2013-01-01,11245200000000.0
Middle income,2014-01-01,13011500000000.0
Middle income,2015-01-01,14203800000000.0
Middle income,2016-01-01,14172100000000.0
Middle income,2017-01-01,17530900000000.0
Middle income,2018-01-01,14048400000000.0
Middle income,2019-01-01,17390400000000.0
Malta,2000-01-01,2024330000.0
Malta,2001-01-01,1356870000.0
Malta,2002-01-01,1373720000.0
Malta,2003-01-01,1850380000.0
Malta,2004-01-01,2839820000.0
Malta,2005-01-01,4072500000.0
Malta,2006-01-01,4503560000.0
Malta,2007-01-01,5633400000.0
Malta,2008-01-01,3576270000.0
Malta,2009-01-01,4080300000.0
Malta,2010-01-01,4193520000.0
Malta,2011-01-01,3428910000.0
Malta,2012-01-01,3631500000.0
Malta,2013-01-01,4249190000.0
Malta,2014-01-01,3641750000.0
Malta,2015-01-01,4405320000.0
Malta,2016-01-01,4433149739.0
Malta,2017-01-01,5171190000.0
Malta,2018-01-01,5053840000.0
Malta,2019-01-01,5315940000.0
Middle East & North Africa (excluding high income),2008-01-01,182081000000.0
Middle East & North Africa (excluding high income),2009-01-01,197533000000.0
Middle East & North Africa (excluding high income),2010-01-01,296839000000.0
Middle East & North Africa (excluding high income),2011-01-01,264899000000.0
Middle East & North Africa (excluding high income),2012-01-01,241730000000.0
Middle East & North Africa (excluding high income),2013-01-01,509695000000.0
Middle East & North Africa (excluding high income),2014-01-01,288451000000.0
Middle East & North Africa (excluding high income),2015-01-01,239684000000.0
Middle East & North Africa (excluding high income),2016-01-01,240862000000.0
Middle East & North Africa (excluding high income),2017-01-01,268551000000.0
Middle East & North Africa (excluding high income),2018-01-01,291485000000.0
Montenegro,2008-01-01,3468290000.0
Montenegro,2010-01-01,3222750000.0
Montenegro,2011-01-01,3509110000.0
Montenegro,2012-01-01,3787240000.0
Mauritius,1998-01-01,1702170000.0
Mauritius,1999-01-01,1521820000.0
Mauritius,2000-01-01,1242680000.0
Mauritius,2001-01-01,978110000.0
Mauritius,2002-01-01,1190490000.0
Mauritius,2003-01-01,1895490000.0
Mauritius,2004-01-01,2118950000.0
Mauritius,2005-01-01,2326320000.0
Mauritius,2006-01-01,4958510000.0
Mauritius,2007-01-01,7919080000.0
Mauritius,2008-01-01,4661990000.0
Mauritius,2009-01-01,6582050000.0
Mauritius,2010-01-01,7752770000.0
Mauritius,2011-01-01,7845150000.0
Mauritius,2012-01-01,7180100000.0
Mauritius,2013-01-01,8942350000.0
Mauritius,2014-01-01,8751020000.0
Mauritius,2015-01-01,7238550000.0
Mauritius,2016-01-01,7568297309.0
Mauritius,2017-01-01,9742920000.0
Mauritius,2018-01-01,9847530000.0
Mauritius,2019-01-01,8615770000.0
Malaysia,1998-01-01,95561430000.0
Malaysia,1999-01-01,139908000000.0
Malaysia,2000-01-01,113156000000.0
Malaysia,2001-01-01,118981000000.0
Malaysia,2002-01-01,125778000000.0
Malaysia,2003-01-01,160814000000.0
Malaysia,2004-01-01,181624000000.0
Malaysia,2005-01-01,180518000000.0
Malaysia,2006-01-01,235581000000.0
Malaysia,2007-01-01,325290000000.0
Malaysia,2008-01-01,189239000000.0
Malaysia,2009-01-01,289219000000.0
Malaysia,2010-01-01,408689000000.0
Malaysia,2011-01-01,395624000000.0
Malaysia,2012-01-01,466588000000.0
Malaysia,2013-01-01,500387000000.0
Malaysia,2014-01-01,459004000000.0
Malaysia,2015-01-01,382977000000.0
Malaysia,2016-01-01,359788000000.0
Malaysia,2017-01-01,455772000000.0
Malaysia,2018-01-01,398019000000.0
Malaysia,2019-01-01,403957000000.0
North America,1998-01-01,14004500000000.0
North America,1999-01-01,16225700000000.0
North America,2000-01-01,15880700000000.0
North America,2001-01-01,14601500000000.0
North America,2002-01-01,11945300000000.0
North America,2003-01-01,15179400000000.0
North America,2004-01-01,17503100000000.0
North America,2005-01-01,18485200000000.0
North America,2006-01-01,21272400000000.0
North America,2007-01-01,22111600000000.0
North America,2008-01-01,12625800000000.0
North America,2009-01-01,16756100000000.0
North America,2010-01-01,19456200000000.0
North America,2011-01-01,17554800000000.0
North America,2012-01-01,20729800000000.0
North America,2013-01-01,26150100000000.0
North America,2014-01-01,28427600000000.0
North America,2015-01-01,26662800000000.0
North America,2016-01-01,29348200000000.0
North America,2017-01-01,34490500000000.0
North America,2018-01-01,32376600000000.0
North America,2019-01-01,36302900000000.0
Namibia,1998-01-01,427520000.0
Namibia,1999-01-01,666990000.0
Namibia,2000-01-01,303290000.0
Namibia,2001-01-01,150500000.0
Namibia,2002-01-01,82950000.0
Namibia,2003-01-01,68961050.0
Namibia,2004-01-01,92229400.0
Namibia,2005-01-01,121337800.0
Namibia,2006-01-01,157789470.0
Namibia,2007-01-01,173587290.0
Namibia,2008-01-01,48666880.0
Namibia,2009-01-01,31091010.0
Namibia,2010-01-01,1176270.0
Namibia,2011-01-01,1152430.0
Namibia,2016-01-01,2336939067.0
Namibia,2017-01-01,2915230554.0
Namibia,2018-01-01,2461910000.0
Namibia,2019-01-01,2609010000.0
Nigeria,1998-01-01,10321670000.0
Nigeria,1999-01-01,2939580000.0
Nigeria,2002-01-01,2373940000.0
Nigeria,2004-01-01,15865940000.0
Nigeria,2005-01-01,22244000000.0
Nigeria,2006-01-01,32830510000.0
Nigeria,2007-01-01,84894570000.0
Nigeria,2008-01-01,48062280000.0
Nigeria,2009-01-01,32223400000.0
Nigeria,2010-01-01,50546400000.0
Nigeria,2011-01-01,39028390000.0
Nigeria,2012-01-01,56205200000.0
Nigeria,2013-01-01,80609900000.0
Nigeria,2014-01-01,62766310000.0
Nigeria,2015-01-01,49973880000.0
Nigeria,2016-01-01,29792434000.0
Nigeria,2017-01-01,37217620000.0
Nigeria,2018-01-01,31520550000.0
Nigeria,2019-01-01,43921600000.0
Netherlands,1998-01-01,603182000000.0
Netherlands,1999-01-01,694055000000.0
Netherlands,2000-01-01,640456000000.0
Netherlands,2001-01-01,503023000000.0
Netherlands,2002-01-01,401268000000.0
Netherlands,2003-01-01,488647000000.0
Netherlands,2004-01-01,538664000000.0
Netherlands,2005-01-01,592836000000.0
Netherlands,2006-01-01,779543000000.0
Netherlands,2007-01-01,956158000000.0
Netherlands,2008-01-01,388721000000.0
Netherlands,2009-01-01,559195000000.0
Netherlands,2010-01-01,661099000000.0
Netherlands,2011-01-01,594637000000.0
Netherlands,2012-01-01,650811000000.0
Netherlands,2013-01-01,817840000000.0
Netherlands,2014-01-01,786574000000.0
Netherlands,2015-01-01,728486000000.0
Netherlands,2016-01-01,805724000000.0
Netherlands,2017-01-01,1100110000000.0
Norway,1998-01-01,46420920000.0
Norway,1999-01-01,63699920000.0
Norway,2000-01-01,65774110000.0
Norway,2001-01-01,69465400000.0
Norway,2002-01-01,64169760000.0
Norway,2003-01-01,95919910000.0
Norway,2004-01-01,141430000000.0
Norway,2005-01-01,191079000000.0
Norway,2006-01-01,280851000000.0
Norway,2007-01-01,354920000000.0
Norway,2008-01-01,145906000000.0
Norway,2009-01-01,227233000000.0
Norway,2010-01-01,295288000000.0
Norway,2011-01-01,220936000000.0
Norway,2012-01-01,242765000000.0
Norway,2013-01-01,265377000000.0
Norway,2014-01-01,219370000000.0
Norway,2015-01-01,193896000000.0
Norway,2016-01-01,231257000000.0
Norway,2017-01-01,287192000000.0
Norway,2018-01-01,267382000000.0
Norway,2019-01-01,295549000000.0
New Zealand,1998-01-01,24783940000.0
New Zealand,1999-01-01,28351500000.0
New Zealand,2000-01-01,18613210000.0
New Zealand,2001-01-01,17821780000.0
New Zealand,2002-01-01,21761620000.0
New Zealand,2003-01-01,33049760000.0
New Zealand,2004-01-01,43731330000.0
New Zealand,2005-01-01,40592460000.0
New Zealand,2006-01-01,44816540000.0
New Zealand,2007-01-01,47485600000.0
New Zealand,2008-01-01,24209610000.0
New Zealand,2009-01-01,35506850000.0
New Zealand,2012-01-01,52870100000.0
New Zealand,2013-01-01,65961560000.0
New Zealand,2014-01-01,74415690000.0
New Zealand,2015-01-01,74350500000.0
New Zealand,2016-01-01,80048458702.0
New Zealand,2017-01-01,94691280000.0
New Zealand,2018-01-01,86132630000.0
New Zealand,2019-01-01,107880000000.0
OECD members,1998-01-01,23342400000000.0
OECD members,1999-01-01,31276000000000.0
OECD members,2000-01-01,28892400000000.0
OECD members,2001-01-01,25070700000000.0
OECD members,2002-01-01,21107700000000.0
OECD members,2003-01-01,27964600000000.0
OECD members,2004-01-01,32626900000000.0
OECD members,2005-01-01,35792200000000.0
OECD members,2006-01-01,42624600000000.0
OECD members,2007-01-01,45984300000000.0
OECD members,2008-01-01,25622000000000.0
OECD members,2009-01-01,34263800000000.0
OECD members,2010-01-01,38223400000000.0
OECD members,2011-01-01,34102200000000.0
OECD members,2012-01-01,39499200000000.0
OECD members,2013-01-01,48432800000000.0
OECD members,2014-01-01,49131000000000.0
OECD members,2015-01-01,43144400000000.0
OECD members,2016-01-01,45920600000000.0
OECD members,2017-01-01,55523500000000.0
OECD members,2018-01-01,48960300000000.0
OECD members,2019-01-01,52220500000000.0
Oman,1998-01-01,4391690000.0
Oman,1999-01-01,4177360000.0
Oman,2000-01-01,4177360000.0
Oman,2001-01-01,4063100000.0
Oman,2004-01-01,9434910000.0
Oman,2005-01-01,15268930000.0
Oman,2006-01-01,16103990000.0
Oman,2007-01-01,26682250000.0
Oman,2008-01-01,20588940000.0
Oman,2009-01-01,22468970000.0
Oman,2010-01-01,28315950000.0
Oman,2011-01-01,26863320000.0
Oman,2012-01-01,30291300000.0
Oman,2013-01-01,36766600000.0
Oman,2014-01-01,37830490000.0
Oman,2015-01-01,41123170000.0
Oman,2016-01-01,23285264254.0
Oman,2017-01-01,21298880000.0
Oman,2018-01-01,18782400000.0
Oman,2019-01-01,17119480000.0
Pakistan,1998-01-01,5418610000.0
Pakistan,1999-01-01,7007800000.0
Pakistan,2000-01-01,6624600000.0
Pakistan,2001-01-01,4903400000.0
Pakistan,2004-01-01,45595630000.0
Pakistan,2005-01-01,45317280000.0
Pakistan,2006-01-01,44906480000.0
Pakistan,2007-01-01,69715390000.0
Pakistan,2008-01-01,23354040000.0
Pakistan,2009-01-01,31886980000.0
Pakistan,2010-01-01,38007180000.0
Pakistan,2011-01-01,32567930000.0
Panama,1998-01-01,3817400000.0
Panama,1999-01-01,3482000000.0
Panama,2000-01-01,2794000000.0
Panama,2001-01-01,2602100000.0
Panama,2002-01-01,3094500000.0
Panama,2003-01-01,3220000000.0
Panama,2004-01-01,4202600000.0
Panama,2005-01-01,5962800000.0
Panama,2006-01-01,7151400000.0
Panama,2007-01-01,7203300000.0
Panama,2008-01-01,7065200000.0
Panama,2009-01-01,7722500000.0
Panama,2010-01-01,8348000000.0
Panama,2011-01-01,10681700000.0
Panama,2012-01-01,12544000000.0
Panama,2013-01-01,12570000000.0
Panama,2014-01-01,13755890000.0
Panama,2015-01-01,13174310000.0
Panama,2016-01-01,13563970000.0
Panama,2017-01-01,15023710000.0
Panama,2018-01-01,15647730000.0
Panama,2019-01-01,17274000000.0
Peru,1998-01-01,9868500000.0
Peru,1999-01-01,12091970000.0
Peru,2000-01-01,9749910000.0
Peru,2001-01-01,9790330000.0
Peru,2002-01-01,11441440000.0
Peru,2003-01-01,14125030000.0
Peru,2004-01-01,18073730000.0
Peru,2005-01-01,24139720000.0
Peru,2006-01-01,40021560000.0
Peru,2007-01-01,69386470000.0
Peru,2008-01-01,37876760000.0
Peru,2009-01-01,71662540000.0
Peru,2010-01-01,103347000000.0
Peru,2011-01-01,81878190000.0
Peru,2012-01-01,102617000000.0
Peru,2013-01-01,80977520000.0
Peru,2014-01-01,78839860000.0
Peru,2015-01-01,56555700000.0
Peru,2016-01-01,81088973557.0
Peru,2017-01-01,99217960000.0
Peru,2018-01-01,93385360000.0
Peru,2019-01-01,98964960000.0
Philippines,1998-01-01,35297040000.0
Philippines,1999-01-01,42177840000.0
Philippines,2000-01-01,25980660000.0
Philippines,2001-01-01,21245370000.0
Philippines,2002-01-01,18507430000.0
Philippines,2003-01-01,23175720000.0
Philippines,2004-01-01,28601910000.0
Philippines,2005-01-01,39798720000.0
Philippines,2006-01-01,67851740000.0
Philippines,2007-01-01,102853000000.0
Philippines,2008-01-01,52030600000.0
Philippines,2009-01-01,86349430000.0
Philippines,2010-01-01,157321000000.0
Philippines,2011-01-01,165066000000.0
Philippines,2012-01-01,229317000000.0
Philippines,2013-01-01,217320000000.0
Philippines,2014-01-01,261841000000.0
Philippines,2015-01-01,238820000000.0
Philippines,2016-01-01,239738000000.0
Philippines,2017-01-01,290401000000.0
Philippines,2018-01-01,258156000000.0
Philippines,2019-01-01,275302000000.0
Papua New Guinea,2003-01-01,2962560000.0
Papua New Guinea,2004-01-01,3825030000.0
Papua New Guinea,2005-01-01,6138410000.0
Papua New Guinea,2006-01-01,7744350000.0
Papua New Guinea,2007-01-01,12960830000.0
Papua New Guinea,2008-01-01,11181680000.0
Papua New Guinea,2009-01-01,17514140000.0
Papua New Guinea,2010-01-01,11027250000.0
Papua New Guinea,2011-01-01,12592450000.0
Papua New Guinea,2013-01-01,2931950000.0
Papua New Guinea,2014-01-01,3310540000.0
Papua New Guinea,2015-01-01,1718860000.0
Papua New Guinea,2016-01-01,1643140000.0
Papua New Guinea,2017-01-01,1681580000.0
Poland,1998-01-01,20460970000.0
Poland,1999-01-01,29576810000.0
Poland,2000-01-01,31279370000.0
Poland,2001-01-01,26016650000.0
Poland,2002-01-01,28380430000.0
Poland,2003-01-01,37020270000.0
Poland,2004-01-01,70530890000.0
Poland,2005-01-01,94028510000.0
Poland,2006-01-01,148849000000.0
Poland,2007-01-01,211620000000.0
Poland,2008-01-01,90815490000.0
Poland,2009-01-01,150962000000.0
Poland,2010-01-01,190706000000.0
Poland,2011-01-01,138244000000.0
Poland,2012-01-01,177408000000.0
Poland,2013-01-01,204543000000.0
Poland,2014-01-01,168896000000.0
Poland,2015-01-01,137770000000.0
Poland,2016-01-01,138691000000.0
Poland,2017-01-01,201393000000.0
Poland,2018-01-01,160483000000.0
Poland,2019-01-01,151619000000.0
Portugal,1998-01-01,62954000000.0
Portugal,1999-01-01,68147740000.0
Portugal,2000-01-01,60680690000.0
Portugal,2001-01-01,46337810000.0
Portugal,2002-01-01,42845350000.0
Portugal,2003-01-01,58284740000.0
Portugal,2004-01-01,70240380000.0
Portugal,2005-01-01,66973400000.0
Portugal,2006-01-01,104187000000.0
Portugal,2007-01-01,132239000000.0
Portugal,2008-01-01,68876020000.0
Portugal,2009-01-01,98247200000.0
Portugal,2010-01-01,81996700000.0
Portugal,2011-01-01,61689890000.0
Portugal,2012-01-01,65519040000.0
Portugal,2013-01-01,79177900000.0
Portugal,2014-01-01,57774190000.0
Portugal,2015-01-01,59837190000.0
Portugal,2016-01-01,57255223905.0
Portugal,2017-01-01,75589628812.0
Portugal,2018-01-01,61933604857.0
Paraguay,1998-01-01,366720000.0
Paraguay,1999-01-01,312800000.0
Palestine,1999-01-01,602320000.0
Palestine,2000-01-01,453100000.0
Palestine,2001-01-01,512320000.0
Palestine,2002-01-01,418350000.0
Palestine,2003-01-01,461180000.0
Palestine,2004-01-01,777420000.0
Palestine,2005-01-01,3161510000.0
Palestine,2006-01-01,1933360000.0
Palestine,2007-01-01,1753310000.0
Palestine,2008-01-01,1820560000.0
Palestine,2009-01-01,2375360000.0
Palestine,2010-01-01,2449900000.0
Palestine,2011-01-01,2782470000.0
Palestine,2012-01-01,2859140000.0
Palestine,2013-01-01,3247480000.0
Palestine,2014-01-01,3187260000.0
Palestine,2015-01-01,3339200000.0
Palestine,2016-01-01,3390120000.0
Palestine,2017-01-01,3891490000.0
Palestine,2018-01-01,3734920000.0
Palestine,2019-01-01,3757500000.0
Post-demographic dividend,1998-01-01,23475500000000.0
Post-demographic dividend,1999-01-01,31580400000000.0
Post-demographic dividend,2000-01-01,29239600000000.0
Post-demographic dividend,2001-01-01,25308400000000.0
Post-demographic dividend,2002-01-01,21361200000000.0
Post-demographic dividend,2003-01-01,28365900000000.0
Post-demographic dividend,2004-01-01,33055400000000.0
Post-demographic dividend,2005-01-01,36205800000000.0
Post-demographic dividend,2006-01-01,43546300000000.0
Post-demographic dividend,2007-01-01,47678600000000.0
Post-demographic dividend,2008-01-01,26428900000000.0
Post-demographic dividend,2009-01-01,35727000000000.0
Post-demographic dividend,2010-01-01,39868800000000.0
Post-demographic dividend,2011-01-01,35535100000000.0
Post-demographic dividend,2012-01-01,41230600000000.0
Post-demographic dividend,2013-01-01,50554600000000.0
Post-demographic dividend,2014-01-01,51555200000000.0
Post-demographic dividend,2015-01-01,45621800000000.0
Post-demographic dividend,2016-01-01,48473400000000.0
Post-demographic dividend,2017-01-01,59055100000000.0
Post-demographic dividend,2018-01-01,52150900000000.0
Post-demographic dividend,2019-01-01,56538600000000.0
Qatar,2007-01-01,95506240000.0
Qatar,2008-01-01,76530570000.0
Qatar,2013-01-01,152576000000.0
Qatar,2014-01-01,185860000000.0
Qatar,2015-01-01,142556000000.0
Qatar,2016-01-01,154824000000.0
Qatar,2017-01-01,130610000000.0
Qatar,2018-01-01,163047000000.0
Qatar,2019-01-01,160051000000.0
Romania,1998-01-01,356590000.0
Romania,1999-01-01,313690000.0
Romania,2000-01-01,363790000.0
Romania,2001-01-01,1103100000.0
Romania,2002-01-01,2489000000.0
Romania,2003-01-01,3403000000.0
Romania,2004-01-01,10964000000.0
Romania,2005-01-01,15857840000.0
Romania,2006-01-01,25234970000.0
Romania,2007-01-01,30642040000.0
Romania,2008-01-01,15149440000.0
Romania,2009-01-01,13072970000.0
Romania,2010-01-01,14200970000.0
Romania,2011-01-01,14023920000.0
Romania,2013-01-01,24574280000.0
Romania,2014-01-01,22386840000.0
Romania,2015-01-01,18539110000.0
Romania,2016-01-01,18072690000.0
Romania,2017-01-01,23621180000.0
Romania,2018-01-01,20853790000.0
Romania,2019-01-01,26110300000.0
Russia,2009-01-01,761736000000.0
Russia,2010-01-01,951296000000.0
Russia,2011-01-01,783555000000.0
Russia,2012-01-01,825340000000.0
Russia,2013-01-01,770657000000.0
Russia,2014-01-01,385927000000.0
Russia,2015-01-01,393238000000.0
Russia,2016-01-01,622052000000.0
Russia,2017-01-01,623425000000.0
Russia,2018-01-01,576116000000.0
Russia,2019-01-01,791519000000.0
Rwanda,2019-01-01,3214220000.0
South Asia,2000-01-01,235539000000.0
South Asia,2001-01-01,155985000000.0
South Asia,2002-01-01,188758000000.0
South Asia,2003-01-01,311706000000.0
South Asia,2004-01-01,464797000000.0
South Asia,2005-01-01,679076000000.0
South Asia,2006-01-01,951796000000.0
South Asia,2007-01-01,2047860000000.0
South Asia,2008-01-01,830669000000.0
South Asia,2009-01-01,1429670000000.0
South Asia,2010-01-01,1862010000000.0
South Asia,2011-01-01,1344300000000.0
South Asia,2012-01-01,1407390000000.0
South Asia,2013-01-01,1335030000000.0
South Asia,2014-01-01,1778830000000.0
South Asia,2015-01-01,1831460000000.0
South Asia,2016-01-01,1835400000000.0
South Asia,2017-01-01,2661130000000.0
South Asia,2018-01-01,2375280000000.0
South Asia,2019-01-01,2367060000000.0
Saudi Arabia,2009-01-01,318734000000.0
Saudi Arabia,2010-01-01,353410000000.0
Saudi Arabia,2011-01-01,338873000000.0
Saudi Arabia,2012-01-01,373375000000.0
Saudi Arabia,2013-01-01,467366000000.0
Saudi Arabia,2014-01-01,483116000000.0
Saudi Arabia,2015-01-01,421060000000.0
Saudi Arabia,2016-01-01,448831000000.0
Saudi Arabia,2017-01-01,451379000000.0
Saudi Arabia,2018-01-01,496353000000.0
Saudi Arabia,2019-01-01,2406820000000.0
Singapore,1998-01-01,94986670000.0
Singapore,1999-01-01,192983000000.0
Singapore,2000-01-01,152826000000.0
Singapore,2001-01-01,115689000000.0
Singapore,2002-01-01,101486000000.0
Singapore,2003-01-01,148503000000.0
Singapore,2004-01-01,217495000000.0
Singapore,2005-01-01,257340000000.0
Singapore,2006-01-01,384286000000.0
Singapore,2007-01-01,539177000000.0
Singapore,2008-01-01,264974000000.0
Singapore,2009-01-01,481247000000.0
Singapore,2010-01-01,647226000000.0
Singapore,2011-01-01,598273000000.0
Singapore,2012-01-01,765078000000.0
Singapore,2013-01-01,744413000000.0
Singapore,2014-01-01,752831000000.0
Singapore,2015-01-01,639956000000.0
Singapore,2016-01-01,640428000000.0
Singapore,2017-01-01,787255000000.0
Singapore,2018-01-01,687257000000.0
Singapore,2019-01-01,697271000000.0
Serbia,2003-01-01,1426600000.0
Serbia,2004-01-01,3259900000.0
Serbia,2005-01-01,6996610000.0
Serbia,2006-01-01,15863160000.0
Serbia,2007-01-01,29602760000.0
Serbia,2008-01-01,15334920000.0
Serbia,2009-01-01,14292890000.0
Serbia,2010-01-01,4158360000.0
Serbia,2011-01-01,4055580000.0
Sub-Saharan Africa (excluding high income),1998-01-01,188339000000.0
Sub-Saharan Africa (excluding high income),1999-01-01,271134000000.0
Sub-Saharan Africa (excluding high income),2004-01-01,468922000000.0
Sub-Saharan Africa (excluding high income),2006-01-01,768622000000.0
Sub-Saharan Africa,1998-01-01,188339000000.0
Sub-Saharan Africa,1999-01-01,271134000000.0
Sub-Saharan Africa,2004-01-01,468922000000.0
Sub-Saharan Africa,2006-01-01,768622000000.0
Slovakia,1998-01-01,650480000.0
Slovakia,1999-01-01,459970000.0
Slovakia,2000-01-01,436180000.0
Slovakia,2001-01-01,543500000.0
Slovakia,2002-01-01,926730000.0
Slovakia,2003-01-01,1294840000.0
Slovakia,2004-01-01,2409060000.0
Slovakia,2005-01-01,2457950000.0
Slovakia,2006-01-01,5831440000.0
Slovakia,2007-01-01,6910820000.0
Slovakia,2008-01-01,5381080000.0
Slovakia,2009-01-01,5091820000.0
Slovakia,2010-01-01,4166890000.0
Slovakia,2011-01-01,5430820000.0
Slovakia,2012-01-01,5397300000.0
Slovakia,2013-01-01,5615570000.0
Slovakia,2014-01-01,5376960000.0
Slovenia,1998-01-01,2984930000.0
Slovenia,1999-01-01,2854000000.0
Slovenia,2000-01-01,3099650000.0
Slovenia,2001-01-01,3461290000.0
Slovenia,2002-01-01,5577900000.0
Slovenia,2003-01-01,7134130000.0
Slovenia,2004-01-01,9676810000.0
Slovenia,2005-01-01,7898880000.0
Slovenia,2006-01-01,15181750000.0
Slovenia,2007-01-01,28859820000.0
Slovenia,2008-01-01,11799390000.0
Slovenia,2009-01-01,12140920000.0
Slovenia,2010-01-01,9428350000.0
Slovenia,2011-01-01,6325860000.0
Slovenia,2012-01-01,6474850000.0
Slovenia,2013-01-01,7128430000.0
Slovenia,2014-01-01,7519360000.0
Slovenia,2015-01-01,6034990000.0
Slovenia,2016-01-01,5262429994.0
Slovenia,2017-01-01,6318340000.0
Slovenia,2018-01-01,7266520000.0
Slovenia,2019-01-01,7923300000.0
Sweden,1998-01-01,278707000000.0
Sweden,1999-01-01,373278000000.0
Sweden,2000-01-01,328339000000.0
Sweden,2001-01-01,236514000000.0
Sweden,2002-01-01,179117000000.0
Sweden,2003-01-01,289877000000.0
Eswatini,1998-01-01,85040000.0
Eswatini,1999-01-01,94830000.0
Eswatini,2000-01-01,73030000.0
Eswatini,2001-01-01,127100000.0
Eswatini,2002-01-01,147770000.0
Eswatini,2003-01-01,172250000.0
Eswatini,2004-01-01,222040000.0
Eswatini,2005-01-01,196330000.0
Eswatini,2006-01-01,197500000.0
Eswatini,2007-01-01,234260000.0
Seychelles,2019-01-01,1136540000.0
East Asia & Pacific (IDA & IBRD countries),2003-01-01,873608000000.0
East Asia & Pacific (IDA & IBRD countries),2004-01-01,850412000000.0
East Asia & Pacific (IDA & IBRD countries),2005-01-01,833620000000.0
East Asia & Pacific (IDA & IBRD countries),2006-01-01,1735680000000.0
East Asia & Pacific (IDA & IBRD countries),2007-01-01,5328790000000.0
East Asia & Pacific (IDA & IBRD countries),2008-01-01,2245490000000.0
East Asia & Pacific (IDA & IBRD countries),2009-01-01,4391440000000.0
East Asia & Pacific (IDA & IBRD countries),2010-01-01,5279850000000.0
East Asia & Pacific (IDA & IBRD countries),2011-01-01,4669950000000.0
East Asia & Pacific (IDA & IBRD countries),2012-01-01,5247960000000.0
East Asia & Pacific (IDA & IBRD countries),2013-01-01,5415950000000.0
East Asia & Pacific (IDA & IBRD countries),2014-01-01,7634080000000.0
East Asia & Pacific (IDA & IBRD countries),2015-01-01,9572340000000.0
East Asia & Pacific (IDA & IBRD countries),2016-01-01,8853850000000.0
East Asia & Pacific (IDA & IBRD countries),2017-01-01,10653900000000.0
East Asia & Pacific (IDA & IBRD countries),2018-01-01,8101210000000.0
East Asia & Pacific (IDA & IBRD countries),2019-01-01,10437100000000.0
Europe & Central Asia (IDA & IBRD countries),2009-01-01,1234940000000.0
Europe & Central Asia (IDA & IBRD countries),2010-01-01,1564570000000.0
Europe & Central Asia (IDA & IBRD countries),2011-01-01,1219470000000.0
Europe & Central Asia (IDA & IBRD countries),2012-01-01,1345280000000.0
Europe & Central Asia (IDA & IBRD countries),2013-01-01,1265280000000.0
Europe & Central Asia (IDA & IBRD countries),2014-01-01,852803000000.0
Europe & Central Asia (IDA & IBRD countries),2015-01-01,797968000000.0
Europe & Central Asia (IDA & IBRD countries),2016-01-01,1016610000000.0
Europe & Central Asia (IDA & IBRD countries),2017-01-01,1149470000000.0
Europe & Central Asia (IDA & IBRD countries),2018-01-01,968646000000.0
Europe & Central Asia (IDA & IBRD countries),2019-01-01,1237650000000.0
Thailand,1998-01-01,34252430000.0
Thailand,1999-01-01,57176550000.0
Thailand,2000-01-01,29217400000.0
Thailand,2001-01-01,35943180000.0
Thailand,2002-01-01,45504360000.0
Thailand,2003-01-01,119017000000.0
Thailand,2004-01-01,115390000000.0
Thailand,2005-01-01,123885000000.0
Thailand,2006-01-01,140161000000.0
Thailand,2007-01-01,197129000000.0
Thailand,2008-01-01,103128000000.0
Thailand,2009-01-01,176956000000.0
Thailand,2010-01-01,277732000000.0
Thailand,2011-01-01,268489000000.0
Thailand,2012-01-01,389756000000.0
Thailand,2013-01-01,354367000000.0
Thailand,2014-01-01,430427000000.0
Thailand,2015-01-01,348798000000.0
Thailand,2016-01-01,432956000000.0
Thailand,2017-01-01,548795000000.0
Thailand,2018-01-01,500741000000.0
Thailand,2019-01-01,569228000000.0
Latin America & the Caribbean (IDA & IBRD countries),2000-01-01,485956000000.0
Latin America & the Caribbean (IDA & IBRD countries),2001-01-01,429406000000.0
Latin America & the Caribbean (IDA & IBRD countries),2002-01-01,321653000000.0
Latin America & the Caribbean (IDA & IBRD countries),2003-01-01,496479000000.0
Latin America & the Caribbean (IDA & IBRD countries),2004-01-01,683101000000.0
Latin America & the Caribbean (IDA & IBRD countries),2005-01-01,979972000000.0
Latin America & the Caribbean (IDA & IBRD countries),2006-01-01,1389510000000.0
Latin America & the Caribbean (IDA & IBRD countries),2007-01-01,2218140000000.0
Latin America & the Caribbean (IDA & IBRD countries),2008-01-01,1132240000000.0
Latin America & the Caribbean (IDA & IBRD countries),2009-01-01,2187140000000.0
Latin America & the Caribbean (IDA & IBRD countries),2010-01-01,2731150000000.0
Latin America & the Caribbean (IDA & IBRD countries),2011-01-01,2251860000000.0
Latin America & the Caribbean (IDA & IBRD countries),2012-01-01,2477350000000.0
Latin America & the Caribbean (IDA & IBRD countries),2013-01-01,2166260000000.0
Latin America & the Caribbean (IDA & IBRD countries),2014-01-01,1862360000000.0
Latin America & the Caribbean (IDA & IBRD countries),2015-01-01,1303210000000.0
Latin America & the Caribbean (IDA & IBRD countries),2016-01-01,1593310000000.0
Latin America & the Caribbean (IDA & IBRD countries),2017-01-01,2023290000000.0
Latin America & the Caribbean (IDA & IBRD countries),2018-01-01,1825940000000.0
Latin America & the Caribbean (IDA & IBRD countries),2019-01-01,2110430000000.0
Middle East & North Africa (IDA & IBRD countries),2008-01-01,180260000000.0
Middle East & North Africa (IDA & IBRD countries),2009-01-01,195157000000.0
Middle East & North Africa (IDA & IBRD countries),2010-01-01,294389000000.0
Middle East & North Africa (IDA & IBRD countries),2011-01-01,262116000000.0
Middle East & North Africa (IDA & IBRD countries),2012-01-01,238870000000.0
Middle East & North Africa (IDA & IBRD countries),2013-01-01,506448000000.0
Middle East & North Africa (IDA & IBRD countries),2014-01-01,285264000000.0
Middle East & North Africa (IDA & IBRD countries),2015-01-01,236344000000.0
Middle East & North Africa (IDA & IBRD countries),2016-01-01,237472000000.0
Middle East & North Africa (IDA & IBRD countries),2017-01-01,264660000000.0
Middle East & North Africa (IDA & IBRD countries),2018-01-01,287750000000.0
South Asia (IDA & IBRD),2000-01-01,235539000000.0
South Asia (IDA & IBRD),2001-01-01,155985000000.0
South Asia (IDA & IBRD),2002-01-01,188758000000.0
South Asia (IDA & IBRD),2003-01-01,311706000000.0
South Asia (IDA & IBRD),2004-01-01,464797000000.0
South Asia (IDA & IBRD),2005-01-01,679076000000.0
South Asia (IDA & IBRD),2006-01-01,951796000000.0
South Asia (IDA & IBRD),2007-01-01,2047860000000.0
South Asia (IDA & IBRD),2008-01-01,830669000000.0
South Asia (IDA & IBRD),2009-01-01,1429670000000.0
South Asia (IDA & IBRD),2010-01-01,1862010000000.0
South Asia (IDA & IBRD),2011-01-01,1344300000000.0
South Asia (IDA & IBRD),2012-01-01,1407390000000.0
South Asia (IDA & IBRD),2013-01-01,1335030000000.0
South Asia (IDA & IBRD),2014-01-01,1778830000000.0
South Asia (IDA & IBRD),2015-01-01,1831460000000.0
South Asia (IDA & IBRD),2016-01-01,1835400000000.0
South Asia (IDA & IBRD),2017-01-01,2661130000000.0
South Asia (IDA & IBRD),2018-01-01,2375280000000.0
South Asia (IDA & IBRD),2019-01-01,2367060000000.0
Sub-Saharan Africa (IDA & IBRD countries),1998-01-01,188339000000.0
Sub-Saharan Africa (IDA & IBRD countries),1999-01-01,271134000000.0
Sub-Saharan Africa (IDA & IBRD countries),2004-01-01,468922000000.0
Sub-Saharan Africa (IDA & IBRD countries),2006-01-01,768622000000.0
Trinidad and Tobago,2000-01-01,3418490000.0
Trinidad and Tobago,2001-01-01,3889100000.0
Tunisia,1998-01-01,2172880000.0
Tunisia,2010-01-01,10651710000.0
Tunisia,2011-01-01,9661970000.0
Tunisia,2013-01-01,8600520000.0
Tunisia,2014-01-01,8743770000.0
Tunisia,2015-01-01,8819260000.0
Tunisia,2016-01-01,8450200000.0
Tunisia,2017-01-01,8922590000.0
Tunisia,2018-01-01,8328990000.0
Tunisia,2019-01-01,8503230000.0
Turkey,1998-01-01,33645590000.0
Turkey,1999-01-01,112716000000.0
Turkey,2000-01-01,69710920000.0
Turkey,2001-01-01,48387990000.0
Turkey,2002-01-01,36043970000.0
Turkey,2003-01-01,68379000000.0
Turkey,2004-01-01,98298000000.0
Turkey,2005-01-01,159997000000.0
Turkey,2006-01-01,160875000000.0
Turkey,2007-01-01,284531000000.0
Turkey,2008-01-01,117584000000.0
Turkey,2009-01-01,231676000000.0
Turkey,2010-01-01,302443000000.0
Turkey,2011-01-01,197074000000.0
Turkey,2012-01-01,315198000000.0
Turkey,2013-01-01,195746000000.0
Turkey,2014-01-01,219763000000.0
Turkey,2015-01-01,188862000000.0
Turkey,2016-01-01,171765000000.0
Turkey,2017-01-01,227512000000.0
Turkey,2018-01-01,149264000000.0
Turkey,2019-01-01,184966000000.0
Tanzania,1999-01-01,171390000.0
Tanzania,2000-01-01,231480000.0
Tanzania,2001-01-01,398100000.0
Ukraine,2010-01-01,38897400000.0
Ukraine,2011-01-01,25654060000.0
Ukraine,2013-01-01,22049070000.0
Ukraine,2014-01-01,12246300000.0
Ukraine,2015-01-01,5719590000.0
Ukraine,2016-01-01,4453290000.0
Ukraine,2017-01-01,5198000000.0
Ukraine,2018-01-01,4415440000.0
Upper middle income,2003-01-01,1544280000000.0
Upper middle income,2004-01-01,1877120000000.0
Upper middle income,2005-01-01,2304770000000.0
Upper middle income,2006-01-01,3716770000000.0
Upper middle income,2007-01-01,8302200000000.0
Upper middle income,2008-01-01,3788160000000.0
Upper middle income,2009-01-01,7903410000000.0
Upper middle income,2010-01-01,9389300000000.0
Upper middle income,2011-01-01,7923910000000.0
Upper middle income,2012-01-01,8836560000000.0
Upper middle income,2013-01-01,8710400000000.0
Upper middle income,2014-01-01,10154700000000.0
Upper middle income,2015-01-01,11448700000000.0
Upper middle income,2016-01-01,11345500000000.0
Upper middle income,2017-01-01,13643700000000.0
Upper middle income,2018-01-01,10492100000000.0
Upper middle income,2019-01-01,13555200000000.0
United States,1998-01-01,12922600000000.0
United States,1999-01-01,14777400000000.0
United States,2000-01-01,15107800000000.0
United States,2001-01-01,13983700000000.0
United States,2002-01-01,11054400000000.0
United States,2003-01-01,14266300000000.0
United States,2004-01-01,16323700000000.0
United States,2005-01-01,17000900000000.0
United States,2006-01-01,19569000000000.0
United States,2007-01-01,19922300000000.0
United States,2008-01-01,11590300000000.0
United States,2009-01-01,15077300000000.0
United States,2010-01-01,17283500000000.0
United States,2011-01-01,15640700000000.0
United States,2012-01-01,18668300000000.0
United States,2013-01-01,24034900000000.0
United States,2014-01-01,26330600000000.0
United States,2015-01-01,25067500000000.0
United States,2016-01-01,27352200000000.0
United States,2017-01-01,32120700000000.0
United States,2018-01-01,30436300000000.0
United States,2019-01-01,33890800000000.0
Venezuela,1998-01-01,7580420000.0
Venezuela,1999-01-01,7453750000.0
Venezuela,2000-01-01,8100000000.0
Venezuela,2001-01-01,6215800000.0
Venezuela,2002-01-01,3979600000.0
Vietnam,2008-01-01,12365840731.0
Vietnam,2009-01-01,33307101456.0
Vietnam,2010-01-01,36854988298.0
Vietnam,2011-01-01,25961620804.0
Vietnam,2012-01-01,36705648755.0
Vietnam,2013-01-01,45127428285.0
Vietnam,2014-01-01,52426688090.0
Vietnam,2015-01-01,58734029972.0
Vietnam,2016-01-01,73222197645.0
Vietnam,2017-01-01,125310000000.0
Vietnam,2018-01-01,132653000000.0
Vietnam,2019-01-01,149817000000.0
World,1998-01-01,24555200000000.0
World,1999-01-01,33181200000000.0
World,2000-01-01,30925400000000.0
World,2001-01-01,26792200000000.0
World,2002-01-01,22802800000000.0
World,2003-01-01,31107400000000.0
World,2004-01-01,36541000000000.0
World,2005-01-01,40512400000000.0
World,2006-01-01,50075000000000.0
World,2007-01-01,60456100000000.0
World,2008-01-01,32418500000000.0
World,2009-01-01,47471300000000.0
World,2010-01-01,54259500000000.0
World,2011-01-01,47521300000000.0
World,2012-01-01,54503200000000.0
World,2013-01-01,64367800000000.0
World,2014-01-01,67177300000000.0
World,2015-01-01,62268200000000.0
World,2016-01-01,65117700000000.0
World,2017-01-01,79501900000000.0
World,2018-01-01,68893000000000.0
World,2019-01-01,78825600000000.0
South Africa,1998-01-01,168536000000.0
South Africa,1999-01-01,259739000000.0
South Africa,2000-01-01,204301000000.0
South Africa,2001-01-01,147472000000.0
South Africa,2002-01-01,181998000000.0
South Africa,2003-01-01,260748000000.0
South Africa,2004-01-01,442520000000.0
South Africa,2005-01-01,549310000000.0
South Africa,2006-01-01,711232000000.0
South Africa,2007-01-01,828185000000.0
South Africa,2008-01-01,482700000000.0
South Africa,2009-01-01,799024000000.0
South Africa,2010-01-01,925007000000.0
South Africa,2011-01-01,789037000000.0
South Africa,2012-01-01,907723000000.0
South Africa,2013-01-01,942812000000.0
South Africa,2014-01-01,933931000000.0
South Africa,2015-01-01,735945000000.0
South Africa,2016-01-01,951320000000.0
South Africa,2017-01-01,1230980000000.0
South Africa,2018-01-01,865328000000.0
South Africa,2019-01-01,1056340000000.0
Zambia,1998-01-01,285830000.0
Zambia,1999-01-01,273540000.0
Zambia,2001-01-01,300000000.0
Zambia,2003-01-01,755650000.0
Zambia,2004-01-01,1649980000.0
Zambia,2005-01-01,2516720000.0
Zambia,2006-01-01,2952560000.0
Zambia,2011-01-01,3184470000.0
Zimbabwe,1998-01-01,956090000.0
Zimbabwe,1999-01-01,2460690000.0
