"1998","1999","2000","2001","2002","2003","2004","2005","2006","2007","2008","2009","2010","2011","2012","2013","2014","2015","2016","2017","2018","2019","Country","Country ID"
-1.7330818741,-2.1099114028,-1.9409366192,-2.3398131529,-2.398575244,-2.1518936671,-2.0349460459,-1.700035607,-1.7822972972,-1.7108994413,-1.787687563,-1.7173827718,-1.7569748711,-1.8978001975,-1.9159364492,-1.8289147046,-1.8251022509,-1.6119350475,-1.3503745577,-1.4934061601,-1.4266656897,-1.4097640262,"Angola","afago"
,,,,,,,,,,,,,,-1.0943582142,-0.9569854285,-0.5242637062,-0.3905993972,-0.4377210552,-0.4357612066,-0.6194868159,-0.5343760662,"Benin","afben"
,,,,,,,,,,,,-1.2414897601,-1.4114418778,-1.4249695179,-1.3779379148,-0.9428330175,-1.0639929966,-1.2541877031,-1.4961611129,-1.542577566,-1.4439525813,"Burkina Faso","afbfa"
,,-0.1993751152,-0.2640927574,-0.6418976326,-0.6913722426,-0.7466174206,-0.8192063223,-0.8371191769,-0.9037642752,-0.6565959107,-0.3105446034,-0.1923422021,-0.1423530345,-0.311657985,-0.4057797334,-0.3337084621,-0.3485718447,-0.5205515696,-0.4689728011,-0.4632924224,-0.361436783,"Botswana","afbwa"
-1.4952790497,-1.4987223625,-1.0461480656,-0.7946767192,-0.793099564,-0.8539738681,-0.7941321504,-0.729120768,-0.7845449018,-0.8137533945,-0.9406238391,-1.0965305257,-1.2208970212,-1.1363911899,-1.1771684985,-1.0901536486,-0.8841431498,-0.8380451233,-0.8414457971,-0.927977588,-0.9548363148,-0.9591791516,"Cote d'Ivoire","afciv"
-2.1382793107,-1.9110499992,-1.9201099276,-1.7665692856,-1.446618636,-1.3829486859,-1.2602841594,-1.685414764,-1.7240231047,-1.2412187648,-1.0108123496,-1.0117858351,-1.1161878954,-0.9946136847,-1.0394803689,-0.8986794759,-0.8348302032,-0.8018444961,-0.7197700609,-0.8726565032,-1.1534965917,-1.1842030417,"Cameroon","afcmr"
-1.906394207,-1.8662617292,-1.6176467505,-1.6316721623,-1.5042218084,-1.9183309837,-1.6986602814,-1.7145236871,-1.7713877132,-1.7506167935,-1.297485297,-1.5894183642,-1.6389296049,-1.0808933964,-1.2403448355,-1.17330825,-1.5447798978,-1.402815499,-1.825379022,-1.8313697524,-1.8525562605,-1.6927988826,"Democratic Republic of the Congo","afcod"
-1.5766873044,-1.5027422325,-1.7909348107,-1.6105665375,-1.9840597265,-2.2524561219,-2.1890012318,-2.1350557958,-2.0811909598,-1.885267064,-1.3768526092,-1.4846760084,-1.4332252754,-1.4895700724,-1.3136706408,-1.497449555,-1.3184638353,-1.3780859891,-1.1537697791,-0.9757223293,-0.9820987487,-1.1172613676,"Republic of the Congo","afcog"
-0.983397936,-0.8399451881,-0.7911319813,-0.589645281,-0.849902853,-0.9679587716,-1.2108678834,-0.9799626433,-0.9441723336,-0.7897074215,-0.789962983,-0.8621923789,-0.7627631675,-0.8308717519,-1.2778970359,-1.3272278801,-1.3187037002,-1.0550602366,-1.0666697366,-1.0185783325,-0.9702579924,-1.0019851258,"Algeria","afdza"
-0.4593124193,-0.4873600634,-0.4818576325,-0.5357312417,-0.4867594485,-0.4367443191,-0.3954522894,-0.2522282811,-0.2965471197,-0.3124679858,-0.2369469189,-0.2347256805,-0.2512029345,-0.3244010703,-0.3088505231,-0.1714480621,-0.0920460179,-0.1275756594,-0.0998356315,-0.0313535649,-0.0259636453,-0.0295609099,"Egypt","afegy"
,,,,,,,,,,-0.6743450883,-0.7214655829,-0.7760863559,-0.8972411937,-1.0898553166,-1.0199850528,-0.89699826,-0.9578424667,-0.9712991175,-0.8604137693,-0.6812956203,-0.7431099717,"Ethiopia","afeth"
-1.3937324339,-1.2921957452,-1.162165926,-1.4516094417,-1.781579079,-1.5404620564,-1.4723818562,-1.9173441202,-1.9109546798,-2.0770279775,-1.750585928,-1.9704071129,-2.0131983811,-1.8490659763,-1.960431333,-2.0398673829,-2.0227285553,-1.4598312465,-1.7792553944,-1.7443969413,-1.3912719366,-1.4419677232,"Gabon","afgab"
-1.3889970794,-1.3523957869,-1.4482329304,-1.298090343,-1.5488149889,-1.4346742614,-1.3228784471,-1.1840583163,-1.3428887601,-1.2283645867,-1.1479401806,-1.2982083933,-1.2882307888,-1.0689061034,-0.9970183049,-0.8605783822,-0.9618531964,-0.8708294229,-0.9302314027,-1.0310469338,-1.2402298704,-1.2840948205,"Ghana","afgha"
,,,,-1.4489365673,,,-1.7156268573,-1.5210058291,-1.7050379605,-2.0465529479,-2.1169413831,-1.9372289031,-1.8460516166,-1.8494900229,-1.6390537621,-1.611391887,-1.3598292533,-1.6594011605,-1.6319936636,-1.7125770075,-1.6717320703,"Guinea","afgin"
,,,,,,,,,,,,,,-2.2140151633,-2.4446884767,-2.5170588264,-2.2182627962,-2.2236259939,-2.0720661605,-2.2238865146,-2.0574905784,"Equatorial Guinea","afgnq"
-0.0779404719,-0.1832862722,-0.1589172057,-0.244467787,-0.3342319751,-0.4800496055,-0.546742297,-0.4000037408,-0.3526839963,-0.3275765802,-0.3370885805,-0.4023749493,-0.4510800267,-0.5291150856,-0.5000986217,-0.4172509109,-0.3524551919,-0.4104541348,-0.4817255641,-0.5013349657,-0.4190062677,-0.4253726221,"Kenya","afken"
-1.9565280839,,,,,,,-0.9866921207,-0.7933386061,-1.0745819091,-0.7813818959,-1.0370485362,-1.0902846346,-0.7338456184,-0.7610234161,-0.5578139876,-1.0035509546,-0.9594547727,-1.0948583058,-1.0952770727,-1.1461300778,-1.2893557395,"Liberia","aflbr"
-0.9115184352,-0.7673233916,-0.9816240704,-0.6449343844,-0.7709619499,-0.8681839244,-0.7490382351,-0.6965388885,-0.7230781519,-0.7955182553,-0.7841470416,-0.7171019064,-0.4440047545,-0.2031239799,-0.2251130572,-1.1942484766,-1.657414839,-1.3563661579,-1.0591424659,-0.9139369688,-1.2901620481,-1.3002834825,"Libya","aflby"
,,,,,,,,,,,,,,,,-0.8619765815,-1.1794485417,-1.0230510139,-0.9568740167,-0.8641862242,-0.8519781867,"Lesotho","aflso"
-0.7726261588,-0.8039938158,-0.809862558,-0.898489318,-0.889606726,-0.7314787808,-0.7018514737,-0.6796032444,-0.6885011767,-0.6897325723,-0.6908588714,-0.6390573768,-0.5829264062,-0.6306477377,-0.5636001406,-0.4911844694,-0.4594103898,-0.5998803923,-0.6349613572,-0.5787338089,-0.5337503519,-0.4364522234,"Morocco","afmar"
,,,,,,,-1.1713967539,-1.2546352997,-1.1309154455,-1.2329792311,-1.1057619476,-1.0190608978,-0.9561903698,-0.8676373964,-0.9222312089,-1.0000524192,-1.1432057152,-1.2948262333,-1.1845021493,-1.1898418357,-1.1363550163,"Madagascar","afmdg"
,,,,,,,-0.7354251314,-0.6361463213,-0.5805727497,-0.7703164933,-0.7112295776,-0.8195633158,-0.8249546615,-0.8730915826,-0.8023586694,-0.9383430042,-1.2483042541,-1.0425004496,-0.8617428566,-0.8934434124,-1.0525206924,"Mali","afmli"
,,,,,-1.1750555658,-1.0507142997,-1.0285056236,-1.0415886369,-1.0712726782,-1.2258401774,-1.0807314139,-1.232927371,-1.2073106709,-1.2747246123,-1.0738536322,-1.120866552,-1.0890964589,-1.2800742063,-1.3130137486,-1.2203345912,-1.2162950575,"Mozambique","afmoz"
,,,,,,,,-1.4604374319,-1.4344461196,-1.4318111464,-1.2283878468,-1.5642995951,-1.2601552022,-1.1047494683,-1.112173645,-0.8892338383,-0.9982174345,-0.8785460983,-1.0148813712,-1.1432219486,-1.1977711679,"Mauritania","afmrt"
-0.7804008998,-0.8950774552,-0.9006794042,-0.8431369427,-0.7787465972,-0.5712972646,-0.5012294827,-0.4200994073,-0.5181350487,-0.5936287323,-0.5299140638,-0.5368327638,-0.5464171958,-0.5246416634,-0.3802706459,-0.3565166484,-0.2804507604,-0.3825847319,-0.4018111927,-0.3755689476,-0.254595157,-0.2270122125,"Mauritius","afmus"
,,,,,,,,,,,-1.4337873495,-1.248142251,-1.0016309469,-0.9242157189,-0.8335369337,-0.5511829692,-0.4568493182,-0.5090556608,-0.5363421926,-0.4876373783,-0.5893647533,"Malawi","afmwi"
,,,,-0.3504181702,-0.4321188139,-0.5073232234,-0.4665334111,-0.529970105,-0.5910524171,-0.5367331126,-0.5091778534,-0.4408996827,-0.5779154402,-0.48879364,-0.4567469249,-0.2616280126,-0.251602108,-0.3890376912,-0.5674988578,-0.5311202528,-0.5627921755,"Namibia","afnam"
,,,,,,,,,,,,,,-0.6458479341,-0.9242284865,-0.8849709539,-0.8212572927,-0.8359792384,-0.7971010437,-0.5938073424,-0.555950174,"Niger","afner"
-2.5791479219,-2.0876512137,-2.4981670813,-2.341156039,-1.6329640339,-1.5443933149,-1.7453976101,-1.8700795443,-1.7503561854,-1.7817590299,-1.616631801,-1.6678298649,-1.7077328767,-1.8053840582,-1.6177630313,-1.4284556918,-1.3507080296,-1.4128271777,-1.3595895348,-1.7628591574,-1.7801860175,-1.6034527396,"Nigeria","afnga"
,,,,,,,,,,,,,,,,,,,,-0.7358234249,-0.6898033983,"Rwanda","afrwa"
,,,-0.9151714513,-0.8741828178,-0.9276010086,-1.2553391844,-1.4148212573,-1.8401600221,-2.1281014382,-2.0415800757,-2.0957623305,-2.1492370906,-2.2056816385,-1.6857107626,-1.448898414,-1.2867066493,-1.3551901817,-1.4318805164,-1.4470527279,-1.4107240832,-1.4300730246,"Sudan","afsdn"
,,,,,,-0.2889927106,-0.202444859,-0.1533736417,-0.1472346333,-0.2782016123,-0.3986291472,-0.4889856432,-0.5271657618,-0.5535197886,-0.4344671753,-0.3365214357,-0.3779085166,-0.4588601817,-0.4477240602,-0.5449130796,-0.6087275031,"Senegal","afsen"
,,,,,,,,,,,,,,,-0.3053363099,-0.6671459996,-0.4379563995,-0.3994136729,,,,"Sierra Leone","afsle"
,,,,,,,,,,,,,,,-2.2765880222,-3.0431012594,-3.0181723048,-2.1978755861,-2.2131740897,-2.1461189624,-2.1292820585,"South Sudan","afssd"
,,,,0.0016598931,-0.0330942087,-0.1713096137,-0.0634373976,0.1853423525,0.2359962734,0.2683610413,0.3023808132,0.1506342708,0.0192021091,0.1187942059,0.2118965817,0.22934486,0.1408873997,0.253211743,0.2999745518,0.1679982559,-0.0130603324,"Eswatini","afswz"
,,,,,,,-1.6013744695,-1.6252932613,-1.945244751,-2.6522531838,-1.1927805472,0.1131061523,-0.0612655131,-0.9833575381,-2.8263799466,-2.3683218747,-2.2397116032,-1.2830926787,-1.463527738,-1.718717644,-1.912298442,"Chad","aftcd"
,,,,,,,,,,-0.8610150429,-0.7889673455,-0.8060811694,-0.7627001714,-0.9013248126,-0.7168578025,-0.5504218252,-0.5166950661,-0.5421686666,-0.6556803459,-0.6891627428,-0.804739505,"Togo","aftgo"
-0.5682295027,-0.5543963673,-0.5156645624,-0.409300726,-0.2493519707,-0.1648166185,-0.1280131109,-0.1028288306,-0.1263059819,-0.1170414832,-0.1101311052,-0.0750501684,-0.0071228334,0.0034801344,0.0464180769,0.111500187,0.1136654799,0.049621155,0.0457070978,0.1137029461,0.1527931384,0.1802715649,"Tunisia","aftun"
,,,,,-1.4502315321,-1.2554496609,-1.0596099649,-0.9369607898,-0.7968896341,-0.7707122253,-0.7946106904,-0.8861580837,-0.8759521276,-0.8134422439,-0.7434779908,-0.7388773096,-0.9302021727,-0.9872546629,-1.0331480597,-0.5067255665,-0.5305209698,"Tanzania","aftza"
,,,,,,,,,-0.4768411884,-0.5603912027,-0.5281029732,-0.5809411359,-0.6236193334,-0.5839666455,-0.413992645,-0.2514323553,-0.2865238761,-0.3723177376,-0.5723116919,-0.6858422222,-0.7817002131,"Uganda","afuga"
0.4785857142,0.3774248449,0.420576303,0.3981251207,0.3787889433,0.29739846,0.2837708222,0.453147686,0.4499991385,0.4524493393,0.4638754569,0.3945610211,0.340995315,0.3468997058,0.3129474305,0.3494389934,0.4288551199,0.3345420636,0.2691503233,0.2452126768,0.1932864948,0.2397093448,"South Africa","afzaf"
-0.2014687743,-0.1457231412,,,,-0.9691837809,-1.0998016668,-1.0500919871,-0.8480965218,-0.8263372442,-0.6567443788,-0.6786863271,-0.6313736499,-0.7655498834,-0.5413587431,-0.2716053726,-0.242886855,-0.3107066859,-0.6277787413,-0.6524572599,-0.7518833132,-0.6650683616,"Zambia","afzmb"
-0.2891422186,-0.3373096949,-0.2782892517,-0.4130538394,-0.4067089764,-0.4895094055,-0.4691658831,-0.3223866144,-0.2124549077,-0.2494431092,-0.2203402042,-0.3577617475,-0.4704447195,-0.7065069945,-0.746875697,-0.7017078539,-0.5556580888,-0.6447356026,-0.7116604542,-0.7738797946,-0.7493445599,-0.7489858755,"Zimbabwe","afzwe"
,,,,,,,,,,,,,,,,,,,-0.9782968323,-1.0379725053,-1.0158727925,"Afghanistan","asafg"
-0.7026937578,-0.6696254193,-0.5757415186,-0.5437920558,-0.5141117345,-0.3773589022,-0.2939928773,-0.1825468227,-0.0892947126,-0.1845589164,-0.1919935909,-0.2124211141,-0.1619729189,0.0098423798,-0.014059384,0.0297115207,0.0934229473,0.1334307653,0.2008907763,0.1516521907,0.170755195,0.2768233869,"United Arab Emirates","asare"
,,,,,,,,0.1817741402,0.4352324189,0.4479367585,0.4447049639,0.2185312732,0.1616505684,0.2906825901,0.1841897215,0.1482703446,0.0235517361,0.0272899694,-0.1369403553,-0.2537350436,-0.3068173666,"Armenia","asarm"
,,0.2945248548,0.119861573,-0.1281106991,-0.2193429555,-0.3524350012,-0.247493861,-0.3303497933,-0.2798209763,-0.3824642429,-0.6841797148,-0.6113488083,-0.4733980707,-0.2729799842,-0.3660268839,-0.4646109438,-0.5040161281,-0.4705189152,-0.3853104917,-0.502240584,-0.4373938469,"Azerbaijan","asaze"
-1.3206542011,-1.4157744139,-1.4885348176,-1.5265127284,-1.4650764924,-1.2966595541,-1.3588275189,-1.1676115487,-1.1713628811,-1.1143523006,-1.1338022915,-1.1696804144,-1.1496689015,-1.2346372571,-1.1012506124,-1.0152200883,-0.9997836771,-1.2628561192,-1.2936956201,-1.1651888707,-1.0888476102,-1.0108713619,"Bangladesh","asbgd"
,,,,,,,,,0.1233794736,0.2586470264,0.3429574504,0.2949139128,0.1920261705,0.3228931612,0.3604694553,0.2642471204,0.2925625189,0.3775254088,0.364938842,0.428658288,0.468454598,"Bahrain","asbhr"
-0.1016964131,-0.1062610618,-0.0129170546,0.004597904,0.0685148845,0.2127175023,0.3173299053,0.4400685298,0.5114462332,0.5905005448,0.6796442132,0.7081168981,0.7431779052,0.8138106722,0.9175037145,0.9207042902,0.9149366979,0.9093447813,0.9175629783,0.9680453752,0.9979060496,1.0147779973,"China","aschn"
,,,,,,0.5184472761,0.5645188548,0.677677425,0.7358286494,0.9119144834,0.9218838443,0.8764237675,0.8420685869,0.7955998736,0.6944189328,0.6355505728,0.5840467928,0.5947931276,0.5671815113,0.5519158,0.5461814278,"Cyprus","ascyp"
,,,,,,,0.2540295008,0.2565707934,0.182010794,0.0854904337,0.0571129235,0.0413093983,0.0456823908,0.1705052277,0.1517243859,0.0259260595,0.0642272798,0.0828165492,-0.0022565426,0.0396962242,0.0959578049,"Georgia","asgeo"
-0.037128578,-0.0075458117,0.107335734,0.1215510758,0.2665926968,0.4369710411,0.4381326031,0.4623223002,0.5003760473,0.5208180947,0.587588119,0.6572326502,0.6980680825,0.7913402124,0.8887652557,0.8889690612,0.8379934678,0.8738941106,0.9262085921,0.9624766263,1.0086848305,1.0215752993,"Hong Kong","ashkg"
-0.5417953524,-0.5218610466,-0.4965262566,-0.4270370804,-0.3907282128,-0.2895618529,-0.2639985499,-0.1765104347,-0.1609332955,-0.1468203285,-0.1491401506,-0.2145396486,-0.2157700872,-0.2828096603,-0.2127712928,-0.1562931899,-0.1070733902,-0.1204882448,-0.0692567876,-0.0585711488,-0.0335678146,0.0183506379,"Indonesia","asidn"
0.0525983033,0.0088324668,0.055884049,0.0901320853,0.1148878251,0.1942599256,0.2420908473,0.3330801881,0.3000379321,0.2995258611,0.2888762817,0.2988937624,0.3095659281,0.2651881032,0.3551798841,0.3805107332,0.4036292292,0.4361487909,0.489963187,0.5519770586,0.5742233545,0.5920951723,"India","asind"
-0.1318189488,-0.2710278385,-0.3384758358,-0.4004885551,-0.456197158,-0.5850588602,-0.3707138545,-0.1656393276,-0.1016935337,-0.1970949578,-0.2052776037,-0.1886281491,-0.1195671365,-0.1731965763,-0.0912689348,-0.0147885404,0.1117056888,0.1551765638,0.1242067289,0.0572578239,0.0492176258,0.0090591586,"Iran","asirn"
-1.7956322481,-2.6877464554,-2.1629658111,-1.0648506106,-1.3958845314,-0.2919559205,-1.0710833281,-0.9688730501,-1.3788134241,-1.695823212,-1.5936426505,-1.6769092638,-1.7075076415,-1.7619039993,-1.6242572658,-1.3281759946,-1.5425442351,-0.5096989351,-1.0137541677,-1.048845039,-0.7719900057,-0.4678387051,"Iraq","asirq"
1.1349886921,1.1390048883,1.1997491666,1.204445207,1.3159697319,1.287982432,1.2803031375,1.2249056908,1.2174391356,1.2315039855,1.3066500016,1.2477681347,1.2507296527,1.270611508,1.3039158171,1.2239393972,1.2530193413,1.3011274927,1.3093210185,1.2750028022,1.2145236099,1.2322770841,"Israel","asisr"
0.4001724898,0.5189305047,0.3701758784,0.2697706057,0.250752577,0.1209254814,-0.0583516651,-0.0904465514,-0.036946293,-0.0970351416,-0.0318751102,-0.0206418562,0.0301974087,0.023515381,0.0679935942,0.1342773598,0.1537821365,0.0893051089,0.012090961,-0.0042023761,0.0337515494,0.0502156272,"Jordan","asjor"
1.8154001424,1.8213092657,1.9164954069,2.0149526186,2.0863386026,2.1730176205,2.3109506573,2.2169239649,2.2171801877,2.1021289052,2.1323527958,2.1574949215,2.1485261665,2.2711924077,2.2991497485,2.1379819421,2.1163069058,2.1932496512,2.2491960787,2.227066454,2.2254980324,2.2033179143,"Japan","asjpn"
0.2396618185,-0.1223084109,-0.2267659067,-0.191833989,-0.3205110018,-0.4990466662,-0.586170459,-0.5261608029,-0.4266003074,-0.3368987953,-0.2690381,-0.2147834642,-0.3748786442,-0.3446416091,-0.1990049549,-0.1265128962,-0.0949774337,0.0014892997,0.0274612334,-0.1098194042,-0.1151531014,-0.1353069744,"Kazakhstan","askaz"
,,,,,,,,,,0.0245411114,-0.0180813023,-0.1701547303,-0.337335427,-0.1982584697,-0.0856746215,-0.0429485876,-0.0262398936,0.0296009323,0.0344926968,-0.0287148744,-0.0924921478,"Kyrgyzstan","askgz"
,,-1.5494113508,-1.5837787519,-1.5716818473,-1.4448137054,-1.5592944717,-1.4876586978,-1.5403298389,-1.3799642365,-1.4702429081,-1.3844916706,-1.3654120578,-1.4853353114,-1.3260502911,-1.1167114998,-1.0683159743,-1.0683310992,-1.0186324272,-0.8002273095,-0.8094402238,-0.7856613176,"Cambodia","askhm"
0.6901895849,0.6958926352,0.6835113076,0.8206222544,0.9566946614,1.1187027604,1.2611435364,1.3884730223,1.4835959911,1.4872737173,1.4819223701,1.509082765,1.559819002,1.6336319409,1.7150253468,1.6635806019,1.6956238455,1.7803318678,1.8533475208,1.8586060107,1.901648574,1.897191538,"South Korea","askor"
-0.4828532611,-0.4458296892,-0.3954530308,-0.1666990027,-0.1890512225,-0.3914673554,-0.4200929801,-0.298656288,-0.3358566854,-0.3858091385,-0.0572174231,0.0172626351,0.2133299094,0.1573792192,0.1022964403,0.2058694271,0.171382004,0.3027434326,0.2282373861,0.1376147378,0.1892232855,0.1305506461,"Kuwait","askwt"
,,,,,,,,,,-1.1702182944,-1.2526882112,-1.2039505763,-1.304699847,-1.2532947054,-1.0293798173,-1.0180195787,-1.0001996974,-1.0047885788,-0.8994436443,-0.8988521546,-0.8695533454,"Laos","aslao"
,,,,0.2781561228,0.1502031659,0.1580207923,0.3296858188,0.3474269992,0.3302986845,0.3887704119,0.3832784403,0.3679006742,0.343619355,0.3455514547,0.3412561017,0.4092483949,0.3691123864,0.3462879796,0.3398128392,0.3089765556,0.2909018295,"Lebanon","aslbn"
-1.0850882915,-1.0785039082,-1.0559658144,-1.054140476,-1.008611648,-0.8461551572,-0.8029159021,-0.742185845,-0.6628644706,-0.6506147401,-0.6476916098,-0.6832537789,-0.7026650641,-0.7658907454,-0.67480659,-0.6002658421,-0.490218333,-0.6098336072,-0.6360239611,-0.5367938589,-0.5306153611,-0.4720326636,"Sri Lanka","aslka"
,-1.4223757501,-1.4143659573,-1.5159450168,-1.5022272456,-1.4952690596,-1.4071317074,-1.2994035517,-1.3021475421,-1.3732445009,-1.5423077163,-1.580308206,-1.6204993317,-1.6631542062,-1.4676792296,-1.2956214486,-1.3890895865,-1.4245723951,-1.3828111607,-1.1421590186,-0.994178477,-0.9946580042,"Myanmar","asmmr"
,,,,,,,,-1.2551246986,-1.1671114051,-1.2630297719,-1.0975230674,-0.8431268833,-1.0658154767,-0.8269800524,-0.8565300575,-0.9125010233,-0.9668729599,-0.7800464682,-0.9079581471,-0.9188813911,-1.0938695972,"Mongolia","asmng"
-0.0081231618,0.0785966217,0.1208991202,0.3591684576,0.5678307595,0.7238917851,0.7982397551,0.7169944524,0.7998935669,0.7887348778,0.8860165304,0.8489327669,0.9125020111,0.9786381652,1.0384889293,1.0625331705,1.0571208302,1.0330779386,1.042314987,1.0688427006,1.0885090811,1.0692578615,"Malaysia","asmys"
,,,,,,,,,,,,,,-0.2899345011,,,,,,,,"Nepal","asnpl"
-0.7715710319,-0.8198001189,-0.621703634,-0.5429283052,-0.4721312444,-0.5715513146,-0.6468486189,-0.7329763195,-0.7294178172,-0.6726553973,-0.4506326761,-0.4439351922,-0.5663729517,-0.5398529386,-0.4375018376,-0.3241558617,-0.273382092,-0.1735112099,-0.1582684606,-0.1547886283,-0.2194378271,-0.2288858941,"Oman","asomn"
-1.119311685,-1.1183329324,-1.1132896017,-1.1813355646,-1.0919508687,-0.9494688105,-0.9377199796,-0.7965326302,-0.6950772141,-0.6856442841,-0.7150251388,-0.6941243471,-0.7067191795,-0.7399740359,-0.7005367353,-0.6180423143,-0.5660231055,-0.7182135087,-0.7162118833,-0.6486642858,-0.6019809863,-0.5871372895,"Pakistan","aspak"
-0.6115027507,-0.5263322339,-0.473349364,-0.4201433606,-0.2484351668,0.032532162,0.013917741,-0.0091569666,0.0053788558,0.0548915784,0.2048732604,0.2167953189,0.3370871664,0.3673594532,0.4408578624,0.4491500547,0.4272269644,0.4234626461,0.4649708357,0.6203797755,0.7240394565,0.6157633929,"Philippines","asphl"
,,,,,,0.6408141449,0.7832049166,0.7742831448,0.856057835,0.8905782696,0.8680931998,0.6977160787,0.5609746362,0.4149578751,0.2105016853,0.1298677047,-0.1250465274,-0.2098813771,-0.2560110389,-0.0055081292,,"North Korea","asprk"
,,,,,,,,,,,,,,,,,,,0.1750896993,0.2183432973,,"Palestine","aspse"
,,,,,,,,-0.1478851695,-0.1622610944,-0.0971238422,-0.0524871745,0.0511328908,0.079655429,-0.163706635,-0.0355048921,-0.017386956,0.2606239231,0.2795834702,0.1061207402,-0.1482779585,-0.0134282527,"Qatar","asqat"
0.3386770723,0.2480659701,0.1683183243,0.3812823769,0.3553036359,0.2951728451,0.2322230962,0.2740513041,0.4100366765,0.3607040501,0.3137541942,0.2575332503,0.4806282745,0.5466506694,0.6656563521,0.7566319802,0.7100076282,0.8858807836,0.8081289212,0.7478394587,0.8448628264,0.9437717311,"Saudi Arabia","assau"
0.8040592521,0.8546038512,1.0548599491,1.1097084899,1.2223144886,1.3764796715,1.5700130745,1.5061441756,1.38367484,1.3887743818,1.5250195681,1.5129577843,1.5415952945,1.6307475505,1.6883632724,1.5741445967,1.5237884885,1.678194529,1.7571970582,1.7462788449,1.7831601875,1.7654526242,"Singapore","assgp"
-0.9984955843,-0.9649913893,-1.0426640713,-0.9058931495,-0.7706226821,-0.6401140389,-0.6202286937,-0.5229616297,-0.4203414953,-0.4274866544,-0.4599302309,-0.3823464722,-0.3223300752,-0.338162975,-0.2770069854,-0.2392841925,0.0909934483,-0.0653621888,,,,,"Syria","assyr"
-0.2277482449,-0.1540133097,-0.1011734654,-0.0919257211,0.0224107271,0.1807376072,0.3503230467,0.3885994018,0.4608239569,0.465104553,0.5409871775,0.539890679,0.5831293957,0.6433546667,0.7087001545,0.7613075352,0.8250259001,0.9087081588,0.9683829887,0.9853818125,1.0217814196,0.9997831964,"Thailand","astha"
,,,,,,,,,,,,,-0.8563314584,-0.7830566286,,,,,,,-0.7112155529,"Tajikistan","astjk"
,,-0.9537622184,-1.3110613045,-1.1425019196,-1.2321261661,-1.3284067169,-1.1713479124,-1.3362762309,-1.2316166517,-1.3427602489,-1.2139783306,-1.0073316301,-0.9722176264,-1.2543396309,-1.3185513809,-1.1752606403,-1.1628545602,-0.9307471456,-0.808570489,-0.7969491288,-0.6659281086,"Turkmenistan","astkm"
0.0317972402,0.0641495727,0.0864440853,0.0125435373,0.0290713519,0.0434719567,0.0632331181,0.1649783242,0.2556995832,0.282171841,0.3220325331,0.3662364152,0.367875006,0.3606239629,0.4383848654,0.4927372246,0.5212792938,0.4529044338,0.4757211141,0.5357086557,0.5940028153,0.6535381288,"Turkey","astur"
-0.0878737661,-0.147518577,-0.2013937462,-0.3505713355,-0.3421576628,-0.5151773902,-0.6620403283,-0.5132518449,-0.5392949743,-0.5493222918,-0.6418321666,-0.615809677,-0.6868575015,-0.6933204973,-0.5604239036,-0.5933874917,-0.4578533239,-0.5445347482,-0.5960491671,-0.499646817,-0.4273367701,-0.4383388942,"Uzbekistan","asuzb"
-1.0627867635,-1.0168541536,-0.9500811982,-0.8807488248,-0.8250929154,-0.7051635528,-0.6141811671,-0.4672587973,-0.4156040064,-0.3590349591,-0.3008510505,-0.3151090984,-0.2927632236,-0.2270510311,-0.1021415254,-0.0889049928,-0.0769368097,-0.183685684,-0.1409064782,-0.05394689,0.0555455325,0.0664264067,"Vietnam","asvnm"
0.7838436778,0.8631123199,1.0088890071,1.0825389203,1.2490538302,1.4177116526,1.5331505277,1.5436566695,1.5908774429,1.5965912252,1.6116706802,1.6306322182,1.6662246968,1.7930873994,1.8805022233,1.8043735304,1.7703566195,1.8669994441,1.950682907,1.9846480943,1.9965047005,2.0112593949,"Chinese Taipei","asxxb"
-1.4951185945,-1.8160240596,-1.5798250902,-1.5921959755,-1.5915171719,-1.7517512205,-1.5698315028,-1.2540434204,-1.1156371276,-1.1251127731,-1.1535557546,-1.0639954617,-1.0082205003,-0.9865819094,-1.1140076816,-0.9144295499,-0.8522036823,-0.6998157074,-0.6968191486,-0.9815150921,-1.3034970248,-1.2669630319,"Yemen","asyem"
,,,,,,,,,,-0.0216894791,0.3395546566,0.2930716918,0.0490254695,-0.448549197,-0.4096709278,-0.3848755395,-0.5843478853,-0.5828799605,-0.4434307431,-0.348755087,-0.2907864526,"Albania","eualb"
1.4484103533,1.4762452895,1.485864459,1.5088375142,1.5956029676,1.586668517,1.6044320803,1.5951937099,1.6122207941,1.5563404532,1.5503682488,1.5773167746,1.5553179889,1.6145037579,1.6117906889,1.5424684531,1.5334925441,1.5667142717,1.599046987,1.5950761191,1.566543032,1.5943654065,"Austria","euaut"
,1.2267473157,1.2685025791,1.2677514731,1.3530451152,1.3799636533,1.4091033952,1.4600446257,1.4037435972,1.3449682242,1.372672624,1.3685523262,1.3743352078,1.4000018855,1.3794670238,1.3051823578,1.3020125186,1.3362376508,1.3260533192,1.3221081528,1.3215707622,1.3401709812,"Belgium","eubel"
0.2235002511,0.1930819992,0.1657312597,0.1503338691,0.1504869298,0.1414049742,0.1744341395,0.2850439745,0.3053451137,0.3548990038,0.3857207844,0.4457585288,0.4408911223,0.4268549136,0.5114906412,0.5032288372,0.5462371032,0.4851903883,0.5048388718,0.5557848298,0.5467675321,0.5560861525,"Bulgaria","eubgr"
,,,,,0.2495295542,0.3132079852,0.3671609207,0.4572051371,0.4257163668,0.4340161604,0.4642249026,0.4863728976,0.5426187887,0.5758083634,0.5772187486,0.5958372448,0.4785144684,0.5195597819,0.570174806,0.6416407268,0.6498181672,"Bosnia and Herzegovina","eubih"
0.7720481717,0.6507363442,0.6202648009,0.5923704846,0.5975013748,0.6596859601,0.7499364431,0.8031308989,0.851350945,0.9183589534,0.8825585514,0.9282158283,0.9227276397,0.9528651579,0.9710356644,0.9688800466,0.937094553,0.9493303118,0.8481079649,0.8365491307,0.8383245999,0.8895974082,"Belarus","eublr"
1.7476813561,1.7736379468,1.8256611046,1.8285519939,1.8996321088,1.9154433193,1.9410428446,1.7925543635,1.7825211674,1.7500465591,1.7925849024,1.8239846842,1.8331005661,1.9353609231,1.9824796087,1.9149173477,1.8684461849,1.9672759705,2.0450177437,2.0469200935,2.0255383337,1.9614197701,"Switzerland","euche"
1.0990239608,1.1046060125,1.151795507,1.2016691018,1.3218650711,1.3910488354,1.3910869859,1.4541657284,1.4606070296,1.4567908136,1.4985252533,1.5722187159,1.61046666,1.6856863643,1.684673614,1.6151334068,1.609217975,1.6562633328,1.6833084506,1.6741951335,1.6825649684,1.6702502779,"Czechia","eucze"
1.7817940792,1.777059718,1.8213893731,1.8667927373,1.9367703714,1.9824033334,2.0462152523,1.9897583198,1.9332202196,1.8533917475,1.8956667931,1.9262652118,1.901346967,1.9454539461,1.9479612441,1.8457508561,1.8351454175,1.9184406579,1.9648308363,1.9506000616,1.9262497506,1.9229503941,"Germany","eudeu"
1.1679490864,1.1999850729,1.1875630253,1.1548134349,1.1353218212,1.1864522859,1.1593531848,1.1291037727,1.0876663134,1.0581669831,1.0736001124,1.0825390667,1.0936950202,1.0884534816,1.1184902474,1.0727514638,1.0564321505,1.0744152349,1.0887556453,1.0846000583,1.0442670439,1.0695392025,"Denmark","eudnk"
1.028312862,1.025496202,1.0591499461,1.0470387481,1.0299271912,1.0228943446,0.948514132,0.9785201402,0.9636464869,0.9248636762,0.9666154647,0.9498652947,0.8933220779,0.8734294327,0.8958643458,0.8763060207,0.8616556259,0.849821969,0.8593556213,0.8295944726,0.8507250046,0.8524907902,"Spain","euesp"
0.4372992587,0.3895576082,0.3488200184,0.2666631306,0.3236359881,0.4047573018,0.4709231645,0.6358278902,0.6882903533,0.7990800073,0.7518917828,0.7386812841,0.7391364456,0.8448916656,0.8481216256,0.8511375099,0.8659891229,0.9150296167,0.9812888538,1.0295616608,1.0414165076,1.041102566,"Estonia","euest"
1.5473016477,1.577015638,1.6036404831,1.6485489086,1.7084688807,1.6636553337,1.7227734226,1.7334369765,1.7274569784,1.6835185878,1.6253642831,1.6768163093,1.6073776196,1.679339574,1.5943665047,1.521690041,1.5330873095,1.5680117576,1.5304818545,1.530535772,1.53462529,1.5284079619,"Finland","eufin"
1.4671036889,1.4397609246,1.471169209,1.4819429216,1.5165700574,1.561047804,1.5752787219,1.4979601327,1.4555707967,1.3988628161,1.430228187,1.4333519696,1.4547609699,1.4808637121,1.4755485943,1.4193557021,1.3935461622,1.422003491,1.4366448924,1.4389284695,1.4116205428,1.3995228611,"France","eufra"
1.6236428236,1.6322215532,1.7047937535,1.7685036568,1.7967668109,1.763881685,1.8148949449,1.7350634674,1.659561979,1.5497566167,1.6004134681,1.5977145931,1.6353433424,1.6241596011,1.6160158323,1.5307217133,1.5194801175,1.540050399,1.5514084561,1.5020120521,1.4883171386,1.4626891633,"United Kingdom","eugbr"
0.2779629078,0.2528199924,0.2525741767,0.2433587391,0.2365020252,0.3091154022,0.2086205314,0.3197886274,0.2830075735,0.2821952336,0.2746950124,0.2541665471,0.2634674473,0.2441727658,0.2983736493,0.313504017,0.3537428082,0.3149554038,0.3170711762,0.3788516717,0.3503011284,0.3529968508,"Greece","eugrc"
0.4662825029,0.4516946829,0.4122465887,0.3288650135,0.3642789771,0.4144010481,0.4306069905,0.521983794,0.5536794298,0.6046794998,0.6300098239,0.6691244116,0.7113436595,0.6753924746,0.792170529,0.8015586688,0.7900722442,0.739992915,0.7639611281,0.7642056646,0.7865582257,0.8139439337,"Croatia","euhrv"
0.7134021041,0.7289050504,0.7921299939,0.8205893409,0.9104990016,1.068032459,1.0942920205,1.1420613655,1.225045636,1.2769033665,1.3133395032,1.3781194287,1.4152176735,1.4402466769,1.4630004077,1.3948159109,1.4244315593,1.4593593601,1.4956008731,1.5021476609,1.4958382899,1.4602062991,"Hungary","euhun"
1.4167357736,1.4548877616,1.5032293926,1.5520856891,1.6594750166,1.6590005078,1.697128958,1.6508285124,1.4725740124,1.381109136,1.4187517165,1.3999318999,1.4208512776,1.4095551954,1.3831875953,1.3352682195,1.3456683674,1.3931824406,1.3967124568,1.3618148789,1.316022714,1.3229619974,"Ireland","euirl"
1.2355317782,1.2391989697,1.2673627046,1.2756044919,1.2677683609,1.2695401813,1.270750035,1.2985481235,1.2992572669,1.2810819698,1.2741855148,1.3288935589,1.303318629,1.3660489803,1.377291705,1.3185640724,1.3282118539,1.316614191,1.3359306644,1.3562525593,1.3515545181,1.3614609916,"Italy","euita"
0.1795625344,0.0921369626,0.0753850844,0.0480801791,-0.0053356751,0.0205543046,0.0370616161,0.2867329631,0.3770087713,0.5247548533,0.5902446102,0.6156040058,0.5651860478,0.5919831742,0.7214239658,0.7432787847,0.8080025085,0.777006532,0.793134691,0.8442744719,0.9227972457,0.9680494366,"Lithuania","eultu"
0.2767471852,0.1703619326,0.1869221521,0.1198044603,0.1967126784,0.22271387,0.2777555518,0.4205129849,0.545898525,0.6137013955,0.6616894201,0.6905263575,0.6455052946,0.6946118196,0.7323005035,0.6986110586,0.704949689,0.6567031349,0.7311134775,0.7816439324,0.8283990047,0.8770491191,"Latvia","eulva"
,,,,,,-0.1726095798,-0.113505328,-0.1015506159,-0.0218182752,-0.0666716616,-0.0252527706,-0.0310913373,-0.1334480323,0.0022282026,0.1138849773,0.0721387977,-0.0479167697,-0.1435182334,-0.1320827171,-0.0320045369,-0.0837810368,"Moldova","eumda"
0.0513294844,-0.0136660081,-0.0349542156,-0.1534217961,-0.1241180643,-0.2169036714,-0.3271807681,-0.2028453957,-0.2133598603,-0.1582072776,-0.1959556915,-0.0934952234,-0.1054410448,-0.1818653262,-0.1329305811,-0.0157226395,-0.0235373791,-0.1130383404,-0.1316631955,-0.0058682729,0.0484595185,0.1433314353,"North Macedonia","eumkd"
1.3318179613,1.2679840152,1.2987921815,1.3748296896,1.3645414968,1.3257276455,1.3232447965,1.2743272186,1.2710662408,1.2886957141,1.2882858294,1.233128153,1.2033430872,1.2094002402,1.2410595541,1.1998079182,1.1994920532,1.2104215522,1.2363556772,1.2325973229,1.2040743691,1.1897114267,"Netherlands","eunld"
1.013551472,1.0096470145,0.9781682228,1.0277102721,0.8403466787,0.7188430698,0.8026223566,0.8490316131,0.84085681,0.9380896357,0.9369135322,0.9916192635,1.0511330198,0.9848262208,0.8913675374,0.8768444567,0.8478189311,0.947904774,0.9069689019,0.8506968177,0.7834794099,0.7920379088,"Norway","eunor"
0.640341263,0.6050027931,0.6273697888,0.6413139744,0.6761494938,0.7338212911,0.7706557981,0.8885720216,0.9471783038,1.0005912414,1.0361413737,1.0646172429,1.0904483316,1.0831342979,1.1038360346,1.0631209668,1.0650528902,1.0811200974,1.0931852918,1.1156381385,1.1149096652,1.1365348157,"Poland","eupol"
0.1867581045,0.2084421813,0.2546650749,0.2203109222,0.2613089612,0.2642965694,0.2941667804,0.3801407554,0.3899501415,0.3935989039,0.39066447,0.4215122212,0.427073976,0.3964935389,0.455206757,0.4685494721,0.4971362081,0.4353099681,0.4649275086,0.4762641084,0.5145118065,0.5417596029,"Portugal","euprt"
0.2355645441,0.1028780081,0.0747364597,0.0783747709,0.0442722661,0.2190626465,0.2053028601,0.336494742,0.420825334,0.5318601209,0.6046367389,0.7437867517,0.7863371658,0.7598177871,0.7684721779,0.7875707698,0.8120937048,0.8622675675,0.9091480036,1.0091485382,1.05110875,1.0831525824,"Romania","eurou"
0.6324116425,0.6041337447,0.6665704444,0.7149069211,0.6590710552,0.6344867101,0.5391243425,0.7549347447,0.768574261,0.771355886,0.8028821782,0.8564097724,0.9084310121,0.7733035037,0.7421703516,0.7309135303,0.6303150158,0.5816445106,0.5610380644,0.5103786199,0.5426701246,0.5750845948,"Russia","eurus"
,,,,,,,,0.6348048994,0.6167149918,0.6322550954,0.629497664,0.644932288,0.5985483059,0.6258628284,0.686646103,0.6938004569,0.6338026871,0.6501937266,0.681987284,0.7438573337,0.744957157,"Serbia","eusrb"
0.8212297828,0.7880758219,0.7887426695,0.8106784123,0.8534907692,0.9266779785,0.9871148534,1.0661086153,1.073306611,1.1478571367,1.1961697008,1.2658009099,1.272242604,1.3201218424,1.3116527382,1.3006744186,1.2844674988,1.3246593685,1.3472099802,1.3810373895,1.3948946202,1.4027683961,"Slovakia","eusvk"
1.0464740789,1.0797793582,1.0833407659,1.1204064184,1.1654665048,1.2754886357,1.2852513079,1.3575319024,1.3939344457,1.3825296074,1.4067501327,1.4336702949,1.4500615469,1.5097202303,1.492122348,1.4359228834,1.4279286702,1.4478792333,1.5275313322,1.5510306192,1.5323838876,1.518371374,"Slovenia","eusvn"
1.7545721395,1.7399633045,1.7588089603,1.8250139001,1.8378923668,1.7976921207,1.8521220354,1.7784568626,1.7573161245,1.7440422877,1.7437441152,1.7567633577,1.7096100195,1.7723596938,1.7600746501,1.685320156,1.6892764207,1.7159095104,1.7091296369,1.6828369969,1.6542790646,1.6438245737,"Sweden","euswe"
0.7064035629,0.6028665681,0.6119471612,0.6113089641,0.6279713275,0.635580234,0.6340847924,0.711388922,0.6888754144,0.7052217513,0.7596181914,0.7317075193,0.742993851,0.7351589522,0.702906426,0.7324412169,0.7346117285,0.7082975083,0.6301791302,0.5979887079,0.6153728182,0.6001282361,"Ukraine","euukr"
1.1329071849,1.0809143163,1.0689946906,1.0841573059,1.0796821416,1.0343309527,0.9839011137,1.0098122941,0.9562572577,0.9408852678,0.9627814062,0.993568584,0.9843908577,1.0050934429,0.9810197762,0.9435968626,1.0013296114,1.0039033046,0.9794841759,0.9777841311,0.9566786674,1.0110710453,"Canada","nacan"
-0.0567431406,-0.1111252004,0.0156427936,0.0061713137,0.0535441363,0.0810674626,0.0136686185,0.0174179556,0.1420906688,0.1579303721,0.1896766791,0.1243962859,-0.018099946,-0.0253028473,0.0702470749,0.146000253,0.3035956949,0.3228330645,0.3063063687,0.2525201886,0.2684031821,0.3210750665,"Costa Rica","nacri"
-0.3089524998,-0.0400346658,-0.1132548893,-0.2694560736,-0.4796536787,-0.4058590347,-0.0203752549,0.1653070714,0.3301485263,0.3391431353,0.1744488998,-0.2201849882,-0.0922082542,-0.188390322,-0.0943511713,0.0375804834,-0.0496203148,-0.1692338819,-0.4653264722,-0.4587667861,-0.5819623115,-0.6863410832,"Cuba","nacub"
-0.6706676037,-0.6606786629,-0.619321739,-0.5843296187,-0.5574441098,-0.4070911467,-0.423420417,-0.3898434014,-0.3113507547,-0.3160432592,-0.2583954336,-0.1414261118,-0.1437402985,-0.1668900145,-0.1714892781,-0.1425520018,-0.1134924466,-0.197986279,-0.2123856125,-0.1782441977,-0.1410798987,-0.0948514111,"Dominican Republic","nadom"
-0.3071434855,-0.373080503,-0.3436877294,-0.4806316726,-0.4205154553,-0.3331985883,-0.3728457184,-0.3822032878,-0.3623343448,-0.3673064448,-0.3311992742,-0.4124310974,-0.4859946427,-0.5209098246,-0.4021099588,-0.373962014,-0.2722560366,-0.3140165079,-0.3357578517,-0.2624617368,-0.2555446691,-0.2354899635,"Guatemala","nagtm"
-0.796129287,-0.7722180382,-0.8494744775,-0.9997410461,-1.0391860235,-0.9787819422,-0.8836146524,-0.9006125159,-0.825112387,-0.7287130437,-0.7325233214,-0.7390939262,-0.7452245504,-0.810585119,-0.6551014218,-0.5484007673,-0.4554703638,-0.5366125958,-0.4863939483,-0.5232588995,-0.4497052689,-0.4785817834,"Honduras","nahnd"
,,,,,,,,,,,,,,,,-1.1497753433,-1.3763685974,-1.3785082656,-1.2109512619,-1.1336163445,-1.1384490461,"Haiti","nahti"
-0.7424338296,-0.7231378207,-0.6689568184,-0.7069888736,-0.6641364288,-0.7168504981,-0.6284461846,-0.5193162244,-0.4166158086,-0.3803657244,-0.400057421,-0.2734167185,-0.2998795522,-0.1754302512,-0.2025364556,-0.2837899393,-0.2538257071,-0.289654834,-0.2571396485,-0.1949940229,-0.2080544966,-0.2456675353,"Jamaica","najam"
0.5917984864,0.5909846036,0.6971783816,0.7587528136,0.877336903,0.9928252593,1.0127209138,1.0236145794,0.9778010674,0.9729941979,1.0213670188,1.0454233454,1.0931354021,1.1685593615,1.2069232548,1.164408826,1.1930919817,1.2450939716,1.2675035075,1.3008105408,1.2502114021,1.2202718738,"Mexico","namex"
,,,,,,-1.058493167,-1.0141929528,-0.9504395925,-0.8617803833,-1.0111667319,-0.9692527237,-1.0754401544,-1.1394865531,-1.0920141972,-0.973213242,-0.9668373304,-1.1012257695,-1.2261694268,-1.1254970362,-1.0591911915,-0.9899497136,"Nicaragua","nanic"
-0.2248960323,-0.1922677095,-0.1051403582,-0.2590640627,-0.2587650061,-0.1927739168,-0.1882346946,-0.1258198589,0.0380589346,0.0531536685,0.1807511281,0.1817276665,0.1847322295,0.2759924385,0.424264316,0.4809586307,0.3807915967,0.2978460517,0.2885336622,0.3064519778,0.2642882407,0.1938271559,"Panama","napan"
-0.1315819591,-0.1178935414,-0.153453124,-0.224029722,-0.2272149682,-0.1333282457,-0.1243864474,-0.2392750318,-0.2942097586,-0.2940122864,-0.3426136631,-0.3214564413,-0.3266609147,-0.3538416637,-0.2097040379,-0.1391988906,-0.0801806991,-0.1728888549,-0.1896459304,-0.0112164853,-0.0057110243,0.0169295057,"El Salvador","naslv"
0.1764860781,0.1410528523,0.0564025952,0.0883484677,-0.0337548897,-0.122448695,-0.2131322048,-0.2120782516,-0.219452398,-0.2228721842,-0.2650490062,-0.2290006727,-0.2753775908,-0.2255100782,-0.3356613842,-0.2103391842,-0.3621655401,-0.2364433804,-0.1826485816,-0.0996551052,0.0311339617,0.1765687375,"Trinidad and Tobago","natto"
1.669738825,1.654278477,1.7273733607,1.7457718353,1.7758453727,1.7612366306,1.766052682,1.6916122064,1.666066277,1.5869227387,1.6198452765,1.6024703537,1.6077684629,1.6325072253,1.635908648,1.55638031,1.5745219512,1.6397780706,1.6517576535,1.6259906397,1.5907542991,1.5769129406,"United States","nausa"
0.5288478801,0.4599616019,0.4874946226,0.4327569642,0.3647665263,0.1952084522,0.0888367612,0.1140293936,0.0953349593,0.1938789105,0.1410301085,0.0300527247,-0.095280479,-0.2033693679,-0.0614587369,-0.0147191762,-0.0202297831,-0.0399952024,-0.0053550748,-0.1304494007,-0.1621877094,-0.1863002769,"Australia","ocaus"
0.7834917629,0.727157047,0.6767406656,0.6828940947,0.6346279208,0.5400909675,0.4566080352,0.5133098711,0.5479610617,0.5855729282,0.5589120094,0.5238526738,0.4606460598,0.4621353907,0.5414154384,0.5718739146,0.5572583566,0.5206662584,0.5026292505,0.4166214041,0.4366661861,0.4963366478,"New Zealand","ocnzl"
-1.9323225236,-1.8865730027,-1.8730054485,-1.9590917193,-1.4203153686,-1.5262605848,-1.4459286593,-1.6856956688,-1.8689993993,-2.3592620216,-2.252482479,-2.3609633546,-2.348498335,-1.8160700886,-1.7478663531,-1.5225154003,-1.5310546728,-1.7456859555,-1.8247498213,-1.970499267,-1.9586161003,-1.6214576836,"Papua New Guinea","ocpng"
0.3376726881,0.3198055363,0.393728369,0.4492459594,0.3754053234,0.2373561208,0.2481983312,0.2902491279,0.3384637909,0.3718100961,0.4300807983,0.4151471301,0.3888918957,0.3290866858,0.3856445906,0.4478644716,0.4947650613,0.4481620053,0.363866103,0.2600069422,0.182181286,0.1893513555,"Argentina","saarg"
-0.3453342936,-0.3336898827,-0.3548015719,-0.4450032346,-0.5845870606,-0.7287740263,-0.8025201261,-0.9454675594,-0.7634394675,-0.928178164,-0.8040599043,-1.0359111303,-1.0359391551,-1.0557186282,-0.678812478,-0.6126965366,-0.6035317775,-0.8904464095,-0.874967738,-0.8419754523,-0.8515857613,-0.9351327904,"Bolivia","sabol"
0.725019046,0.6597798261,0.6480998756,0.6233915667,0.6562720536,0.6156575013,0.5997925213,0.6912877754,0.7310053896,0.7969739258,0.8065860104,0.6911485637,0.7328861035,0.7427811565,0.7089753536,0.7449067995,0.7130214427,0.7396387478,0.6160519277,0.6084055115,0.5759228005,0.5124376309,"Brazil","sabra"
0.2364399054,0.1376094535,0.0808905676,-0.0095563276,-0.1043056729,-0.2074089699,-0.2903917756,-0.1969990394,-0.182725608,-0.1720553079,-0.1616732672,-0.1650674557,-0.1482199347,-0.165509847,0.0104431834,0.0404224099,0.0445299014,-0.0364353422,-0.074205673,-0.1253623352,-0.102481187,-0.1129319723,"Chile","sachl"
0.1174693972,0.0563669555,0.0487217957,0.0627933965,0.0629914779,0.0353073669,-0.0671602205,-0.028550312,0.0609993976,0.0314383084,0.0337033542,0.0025842276,0.0093133071,0.0479815188,0.0934200353,0.1155399693,0.2606681464,0.185333395,0.2026636609,0.2398315618,0.250907274,0.2627594665,"Colombia","sacol"
-0.6681256437,-0.6267133932,-0.7114000362,-0.7712692093,-0.9420479521,-0.9745247906,-1.0723208373,-0.910023454,-0.7447091488,-0.6823253835,-0.7874101976,-0.8237349788,-0.7166761437,-0.6692495067,-0.5216502391,-0.5207987672,-0.5406097564,-0.7016309056,-0.9077652594,-0.8720837008,-0.6992041673,-0.7631638613,"Ecuador","saecu"
-0.5077725176,-0.5351598447,-0.5489730247,-0.5940825208,-0.5142242824,-0.73057324,-0.9344726103,-0.8527751763,-0.8318935064,-0.7235702738,-0.7111554615,-0.724396093,-0.756746649,-0.8006400753,-0.6088805943,-0.5366785178,-0.458893033,-0.5369100289,-0.5458268606,-0.5828734101,-0.5509490325,-0.535972448,"Peru","saper"
-0.4282453527,-0.4307860514,-0.445887579,-0.6192235516,-0.6759556,-0.7192784453,-0.6263590019,-0.6416364644,-0.681457383,-0.6799985909,-0.6867104968,-0.7719982582,-0.8136208854,-0.7904108639,-0.7153725884,-0.5117868621,-0.4377548192,-0.5775035142,-0.6442677704,-0.473689352,-0.4789753527,-0.429685246,"Paraguay","sapry"
0.3686049113,0.3248776012,0.3399842546,0.3035600717,0.2590934298,0.1117121476,0.1012691846,0.2897982097,0.2768914229,0.1713655186,0.1201567204,0.1429233808,0.130486326,0.1110235327,0.1354129516,0.2170600413,0.2295707453,0.2207999912,0.2264899647,0.2548392416,0.1139626421,0.0663438811,"Uruguay","saury"
0.1452083704,0.0774557673,0.0421681487,-0.0042555026,0.0145527413,-0.106913428,-0.142506703,-0.0596253403,-0.0550304028,0.0133173153,0.0218834205,0.0539115651,0.1075647742,-0.2139008046,-0.3251937262,-0.4189761968,-0.4471439899,-0.3560835457,-0.6066621816,-0.580987053,-0.594287238,-0.7886544304,"Venezuela","saven"